-- MySQL dump 10.16  Distrib 10.2.22-MariaDB, for Linux (x86_64)
--
-- Host: localhost    Database: mtreport_db
-- ------------------------------------------------------
-- Server version	10.2.22-MariaDB

/*!40101 SET @OLD_CHARACTER_SET_CLIENT=@@CHARACTER_SET_CLIENT */;
/*!40101 SET @OLD_CHARACTER_SET_RESULTS=@@CHARACTER_SET_RESULTS */;
/*!40101 SET @OLD_COLLATION_CONNECTION=@@COLLATION_CONNECTION */;
/*!40101 SET NAMES utf8 */;
/*!40103 SET @OLD_TIME_ZONE=@@TIME_ZONE */;
/*!40103 SET TIME_ZONE='+00:00' */;
/*!40014 SET @OLD_UNIQUE_CHECKS=@@UNIQUE_CHECKS, UNIQUE_CHECKS=0 */;
/*!40014 SET @OLD_FOREIGN_KEY_CHECKS=@@FOREIGN_KEY_CHECKS, FOREIGN_KEY_CHECKS=0 */;
/*!40101 SET @OLD_SQL_MODE=@@SQL_MODE, SQL_MODE='NO_AUTO_VALUE_ON_ZERO' */;
/*!40111 SET @OLD_SQL_NOTES=@@SQL_NOTES, SQL_NOTES=0 */;

--
-- Current Database: `mtreport_db`
--

CREATE DATABASE /*!32312 IF NOT EXISTS*/ `mtreport_db` /*!40100 DEFAULT CHARACTER SET utf8 */;

USE `mtreport_db`;

--
-- Table structure for table `flogin_history`
--

DROP TABLE IF EXISTS `flogin_history`;
/*!40101 SET @saved_cs_client     = @@character_set_client */;
/*!40101 SET character_set_client = utf8 */;
CREATE TABLE `flogin_history` (
  `id` int(11) unsigned NOT NULL AUTO_INCREMENT,
  `user_id` int(11) unsigned NOT NULL,
  `login_time` int(12) unsigned DEFAULT 0,
  `login_remote_address` char(16) DEFAULT '0.0.0.0',
  `receive_server` char(16) DEFAULT '0.0.0.0',
  `referer` varchar(1024) DEFAULT NULL,
  `user_agent` varchar(1024) DEFAULT NULL,
  `method` int(10) DEFAULT 0,
  `valid_time` int(11) unsigned DEFAULT NULL,
  PRIMARY KEY (`id`),
  KEY `user_id` (`user_id`)
) ENGINE=MyISAM AUTO_INCREMENT=307 DEFAULT CHARSET=utf8;
/*!40101 SET character_set_client = @saved_cs_client */;

--
-- Dumping data for table `flogin_history`
--

LOCK TABLES `flogin_history` WRITE;
/*!40000 ALTER TABLE `flogin_history` DISABLE KEYS */;
/*!40000 ALTER TABLE `flogin_history` ENABLE KEYS */;
UNLOCK TABLES;

--
-- Table structure for table `flogin_user`
--

DROP TABLE IF EXISTS `flogin_user`;
/*!40101 SET @saved_cs_client     = @@character_set_client */;
/*!40101 SET character_set_client = utf8 */;
CREATE TABLE `flogin_user` (
  `user_id` int(11) unsigned NOT NULL AUTO_INCREMENT,
  `user_name` varchar(64) NOT NULL,
  `user_pass_md5` varchar(128) NOT NULL,
  `login_type` int(11) NOT NULL DEFAULT 0,
  `update_time` timestamp NOT NULL DEFAULT current_timestamp() ON UPDATE current_timestamp(),
  `rmark` varchar(128) DEFAULT NULL,
  `dwReserved1` int(11) unsigned DEFAULT 0,
  `dwReserved2` int(11) unsigned DEFAULT 0,
  `strReserved1` varchar(64) DEFAULT NULL,
  `strReserved2` varchar(64) DEFAULT NULL,
  `user_flag_1` int(12) unsigned DEFAULT 0,
  `last_login_time` int(12) unsigned DEFAULT 0,
  `register_time` int(12) unsigned DEFAULT 0,
  `last_login_address` char(16) DEFAULT '0.0.0.0',
  `user_add_id` int(11) unsigned DEFAULT 1,
  `user_mod_id` int(11) unsigned DEFAULT 1,
  `status` int(11) DEFAULT 0,
  `email` varchar(64) DEFAULT NULL,
  `login_index` int(11) DEFAULT 0,
  `login_md5` varchar(32) DEFAULT '',
  `last_login_server` char(16) DEFAULT '0.0.0.0',
  `bind_xrkmonitor_uid` int(11) unsigned DEFAULT 0,
  PRIMARY KEY (`user_id`),
  KEY `idx_name` (`user_name`)
) ENGINE=InnoDB AUTO_INCREMENT=357 DEFAULT CHARSET=utf8;
/*!40101 SET character_set_client = @saved_cs_client */;

--
-- Dumping data for table `flogin_user`
--

LOCK TABLES `flogin_user` WRITE;
/*!40000 ALTER TABLE `flogin_user` DISABLE KEYS */;
INSERT INTO `flogin_user` VALUES (1,'sadmin','c5edac1b8c1d58bad90a246d8f08f53b',1,'2019-09-05 09:02:50','supperuser',1552345835,152,NULL,'0c96aa43ce31757758c40be976c20d34',1,1567674076,0,'183.232.70.65',1,1,0,'4033@qq.com',0,'ecy3ywPF9jaJhxR2TBuTIzUI62wmMYvS','172.16.0.109',0);
/*!40000 ALTER TABLE `flogin_user` ENABLE KEYS */;
UNLOCK TABLES;
/*!50003 SET @saved_cs_client      = @@character_set_client */ ;
/*!50003 SET @saved_cs_results     = @@character_set_results */ ;
/*!50003 SET @saved_col_connection = @@collation_connection */ ;
/*!50003 SET character_set_client  = utf8 */ ;
/*!50003 SET character_set_results = utf8 */ ;
/*!50003 SET collation_connection  = utf8_general_ci */ ;
/*!50003 SET @saved_sql_mode       = @@sql_mode */ ;
/*!50003 SET sql_mode              = 'STRICT_TRANS_TABLES,NO_ENGINE_SUBSTITUTION' */ ;
DELIMITER ;;
/*!50003 CREATE*/ /*!50017 DEFINER=`root`@`localhost`*/ /*!50003 trigger flogin_user_up after update on flogin_user for each row begin insert into mt_table_upate_monitor(u_table_name, r_primary_id) values('flogin_user', old.user_id); end */;;
DELIMITER ;
/*!50003 SET sql_mode              = @saved_sql_mode */ ;
/*!50003 SET character_set_client  = @saved_cs_client */ ;
/*!50003 SET character_set_results = @saved_cs_results */ ;
/*!50003 SET collation_connection  = @saved_col_connection */ ;

--
-- Table structure for table `mt_app_info`
--

DROP TABLE IF EXISTS `mt_app_info`;
/*!40101 SET @saved_cs_client     = @@character_set_client */;
/*!40101 SET character_set_client = utf8 */;
CREATE TABLE `mt_app_info` (
  `app_name` varchar(32) NOT NULL,
  `app_desc` varchar(128) NOT NULL,
  `app_id` int(11) unsigned NOT NULL AUTO_INCREMENT,
  `create_time` int(12) unsigned DEFAULT 0,
  `update_time` timestamp NOT NULL DEFAULT current_timestamp() ON UPDATE current_timestamp(),
  `user_add` varchar(64) NOT NULL,
  `user_mod` varchar(64) NOT NULL,
  `status` tinyint(4) DEFAULT 0,
  `app_type` int(10) unsigned DEFAULT 2,
  `user_mod_id` int(11) unsigned DEFAULT 1,
  `user_add_id` int(11) unsigned DEFAULT 1,
  PRIMARY KEY (`app_id`)
) ENGINE=InnoDB AUTO_INCREMENT=119 DEFAULT CHARSET=latin1;
/*!40101 SET character_set_client = @saved_cs_client */;

--
-- Dumping data for table `mt_app_info`
--

LOCK TABLES `mt_app_info` WRITE;
/*!40000 ALTER TABLE `mt_app_info` DISABLE KEYS */;
INSERT INTO `mt_app_info` VALUES ('ç›‘æŽ§ç³»ç»Ÿ','ç›‘æŽ§ç³»ç»Ÿ',30,0,'2019-01-25 23:42:34','rockdeng','rockdeng',0,3,1,1);
/*!40000 ALTER TABLE `mt_app_info` ENABLE KEYS */;
UNLOCK TABLES;
/*!50003 SET @saved_cs_client      = @@character_set_client */ ;
/*!50003 SET @saved_cs_results     = @@character_set_results */ ;
/*!50003 SET @saved_col_connection = @@collation_connection */ ;
/*!50003 SET character_set_client  = latin1 */ ;
/*!50003 SET character_set_results = latin1 */ ;
/*!50003 SET collation_connection  = utf8_general_ci */ ;
/*!50003 SET @saved_sql_mode       = @@sql_mode */ ;
/*!50003 SET sql_mode              = 'STRICT_TRANS_TABLES,NO_ENGINE_SUBSTITUTION' */ ;
DELIMITER ;;
/*!50003 CREATE*/ /*!50017 DEFINER=`root`@`localhost`*/ /*!50003 trigger mt_app_info_ins after insert on mt_app_info for each row begin insert into mt_table_upate_monitor(u_table_name, r_primary_id) values('mt_app_info', new.app_id); end */;;
DELIMITER ;
/*!50003 SET sql_mode              = @saved_sql_mode */ ;
/*!50003 SET character_set_client  = @saved_cs_client */ ;
/*!50003 SET character_set_results = @saved_cs_results */ ;
/*!50003 SET collation_connection  = @saved_col_connection */ ;
/*!50003 SET @saved_cs_client      = @@character_set_client */ ;
/*!50003 SET @saved_cs_results     = @@character_set_results */ ;
/*!50003 SET @saved_col_connection = @@collation_connection */ ;
/*!50003 SET character_set_client  = latin1 */ ;
/*!50003 SET character_set_results = latin1 */ ;
/*!50003 SET collation_connection  = utf8_general_ci */ ;
/*!50003 SET @saved_sql_mode       = @@sql_mode */ ;
/*!50003 SET sql_mode              = 'STRICT_TRANS_TABLES,NO_ENGINE_SUBSTITUTION' */ ;
DELIMITER ;;
/*!50003 CREATE*/ /*!50017 DEFINER=`root`@`localhost`*/ /*!50003 trigger mt_app_info_up after update on mt_app_info for each row begin insert into mt_table_upate_monitor(u_table_name, r_primary_id) values('mt_app_info', old.app_id); end */;;
DELIMITER ;
/*!50003 SET sql_mode              = @saved_sql_mode */ ;
/*!50003 SET character_set_client  = @saved_cs_client */ ;
/*!50003 SET character_set_results = @saved_cs_results */ ;
/*!50003 SET collation_connection  = @saved_col_connection */ ;

--
-- Table structure for table `mt_attr`
--

DROP TABLE IF EXISTS `mt_attr`;
/*!40101 SET @saved_cs_client     = @@character_set_client */;
/*!40101 SET character_set_client = utf8 */;
CREATE TABLE `mt_attr` (
  `id` int(11) NOT NULL AUTO_INCREMENT COMMENT 'å±žæ€§ç¼–å·',
  `attr_type` int(8) DEFAULT 0 COMMENT 'å±žæ€§ç±»åž‹',
  `data_type` int(6) DEFAULT 0 COMMENT 'æ•°æ®ç±»åž‹',
  `user_add` varchar(64) DEFAULT 'rock' COMMENT 'æ·»åŠ ç”¨æˆ·',
  `create_time` timestamp NOT NULL DEFAULT current_timestamp() COMMENT 'æ·»åŠ æ—¶é—´',
  `attr_name` varchar(64) NOT NULL COMMENT 'å±žæ€§åç§°',
  `attr_desc` varchar(256) DEFAULT NULL COMMENT 'å±žæ€§æè¿°',
  `status` tinyint(4) DEFAULT 0 COMMENT 'çŠ¶æ€ç  0-æ­£å¸¸ä½¿ç”¨ 1-åˆ é™¤æ ‡å¿—',
  `user_add_id` int(11) unsigned DEFAULT 0,
  `user_mod_id` int(11) unsigned DEFAULT 0,
  `excep_attr_mask` tinyint(4) DEFAULT 0,
  `update_time` timestamp NOT NULL DEFAULT current_timestamp() ON UPDATE current_timestamp(),
  `str_attr_type` tinyint(4) DEFAULT 0,
  PRIMARY KEY (`id`)
) ENGINE=InnoDB AUTO_INCREMENT=357 DEFAULT CHARSET=utf8;
/*!40101 SET character_set_client = @saved_cs_client */;

--
-- Dumping data for table `mt_attr`
--

LOCK TABLES `mt_attr` WRITE;
/*!40000 ALTER TABLE `mt_attr` DISABLE KEYS */;
INSERT INTO `mt_attr` VALUES (55,79,1,'rockdeng','2014-01-25 05:58:24','å…¨éƒ¨ç½‘å¡ æ€»å…¥åŒ…é‡','å…¨éƒ¨ç½‘å¡ æ€»å…¥åŒ…é‡',0,1,1,0,'2019-08-28 09:04:22',0),(56,79,1,'rockdeng','2014-01-25 06:06:38','å…¨éƒ¨ç½‘å¡ æ€»å‡ºåŒ…é‡','å…¨éƒ¨ç½‘å¡ æ€»å‡ºåŒ…é‡',0,1,1,0,'2019-08-28 09:04:45',0),(57,79,1,'rockdeng','2014-01-25 06:38:44','å…¨éƒ¨ç½‘å¡ æ€»å…¥æµé‡','å…¨éƒ¨ç½‘å¡ æ€»å…¥æµé‡',0,1,1,0,'2019-08-28 09:05:06',0),(58,79,1,'rockdeng','2014-01-25 06:39:15','å…¨éƒ¨ç½‘å¡ æ€»å‡ºæµé‡','å…¨éƒ¨ç½‘å¡ æ€»å‡ºæµé‡',0,1,1,0,'2019-08-28 09:05:32',0),(59,79,1,'rockdeng','2014-01-25 06:55:49','ç½‘å¡0 å…¥åŒ…é‡','ç½‘å¡0 ç½‘å¡åä¸æ˜¯eth0 æ—¶ä½¿ç”¨',0,1,1,0,'2019-08-28 09:06:53',0),(60,79,1,'rockdeng','2014-01-25 06:56:28','ç½‘å¡0 å‡ºåŒ…é‡','ç½‘å¡0 å‡ºåŒ…é‡',0,1,1,0,'2019-08-28 09:07:19',0),(61,52,3,'rockdeng','2014-01-25 06:58:00','sendto å‘é€å¤±è´¥','sendto å‘é€å¤±è´¥',0,1,1,0,'2019-06-06 06:14:36',0),(62,51,1,'rockdeng','2014-01-25 07:06:40','æ¨¡å—æ—¥å¿—è®°å½•å‘é€é‡','æ¨¡å—æ—¥å¿—è®°å½•å‘é€é‡',0,1,1,0,'2019-06-06 06:14:36',0),(63,52,3,'rockdeng','2014-01-28 13:18:25','å±žæ€§é“¾è¡¨å«å¼‚å¸¸æ•°æ®','å±žæ€§é“¾è¡¨å«å¼‚å¸¸æ•°æ®',0,1,1,0,'2019-06-06 06:14:36',0),(64,51,1,'rockdeng','2014-01-31 02:23:58','æ”¶åˆ°å¤±è´¥çš„æ—¥å¿—å“åº”åŒ…é‡','æ”¶åˆ°å¤±è´¥çš„æ—¥å¿—å“åº”åŒ…é‡',0,1,1,0,'2019-06-06 06:14:36',0),(65,51,1,'rockdeng','2014-01-31 02:24:31','æ”¶åˆ°æ—¥å¿—å“åº”åŒ…é‡','æ”¶åˆ°æ—¥å¿—å“åº”åŒ…é‡',0,1,1,0,'2019-06-06 06:14:36',0),(66,52,3,'rockdeng','2014-03-24 13:15:42','å±žæ€§ä¸ŠæŠ¥é“¾è¡¨èŠ‚ç‚¹ç§»é™¤å¤±è´¥','å±žæ€§ä¸ŠæŠ¥é“¾è¡¨èŠ‚ç‚¹ç§»é™¤å¤±è´¥',0,1,1,0,'2019-06-06 06:14:36',0),(67,55,1,'rockdeng','2014-03-26 13:36:09','å†™å…¥æ—¥å¿—è®°å½•é‡','å†™å…¥æ—¥å¿—è®°å½•é‡',0,1,1,0,'2019-06-06 06:14:36',0),(68,52,3,'rockdeng','2014-03-27 13:55:34','ç¨‹åºæ ¡éªŒå¼‚å¸¸','ç¨‹åºæ ¡éªŒå¼‚å¸¸',0,1,1,0,'2019-06-06 06:14:36',0),(69,52,3,'rockdeng','2014-03-27 13:56:49','åŠ¨æ€å†…å­˜åˆ†é…å¤±è´¥','åŠ¨æ€å†…å­˜åˆ†é…å¤±è´¥',0,1,1,0,'2019-06-06 06:14:36',0),(70,51,1,'rockdeng','2014-03-27 14:06:05','æ—¥å¿—å‘é€åŒ…é‡','æ—¥å¿—å‘é€åŒ…é‡',0,1,1,0,'2019-06-06 06:14:36',0),(71,79,1,'rockdeng','2014-03-29 02:33:52','ç½‘å¡0 å…¥æµé‡','ç½‘å¡0 å…¥æµé‡',0,1,1,0,'2019-08-28 09:07:46',0),(72,52,3,'rockdeng','2014-03-29 02:34:43','socket ç»‘å®šå¤±è´¥','socket ç»‘å®šå¤±è´¥',0,1,1,0,'2019-06-06 06:14:36',0),(73,53,1,'rockdeng','2014-03-29 02:36:13','pb æ ¼å¼æ—¥å¿—åŒ…é‡','pb æ ¼å¼æ—¥å¿—åŒ…é‡',0,1,1,0,'2019-06-06 06:14:36',0),(74,53,3,'rockdeng','2014-03-29 02:36:39','æ”¶åˆ°éžæ³•æ—¥å¿—åŒ…é‡','æ”¶åˆ°éžæ³•æ—¥å¿—åŒ…é‡',0,1,1,1,'2019-06-06 06:14:36',0),(75,53,1,'rockdeng','2014-03-29 02:49:29','æ”¶åˆ°çš„æ—¥å¿—è®°å½•é‡','æ”¶åˆ°çš„æ—¥å¿—è®°å½•é‡',0,1,1,0,'2019-06-06 06:14:36',0),(76,79,1,'rockdeng','2014-03-29 02:59:43','ç½‘å¡0 å‡ºæµé‡','ç½‘å¡0 å‡ºæµé‡',0,1,1,0,'2019-08-28 09:08:12',0),(77,79,1,'rockdeng','2014-03-29 03:04:26','ç½‘å¡1 å…¥åŒ…é‡','ç½‘å¡1 ç½‘å¡åä¸æ˜¯ eth1æ—¶ä½¿ç”¨',0,1,1,0,'2019-08-28 09:09:08',0),(78,52,3,'rockdeng','2014-03-29 03:06:11','è¯»å–æ•°æ®åº“é…ç½®å¤±è´¥','è¯»å–æ•°æ®åº“é…ç½®å¤±è´¥',0,1,1,0,'2019-08-31 11:02:15',0),(79,79,1,'rockdeng','2014-03-29 03:11:14','ç½‘å¡1 å‡ºåŒ…é‡','ç½‘å¡1 å‡ºåŒ…é‡',0,1,1,0,'2019-08-28 09:09:39',0),(80,79,1,'rockdeng','2014-03-29 03:12:25','ç½‘å¡1 å…¥æµé‡','ç½‘å¡1 å…¥æµé‡',0,1,1,0,'2019-08-28 09:10:02',0),(81,52,1,'rockdeng','2014-03-29 03:13:37','æ•°æ®åº“é…ç½®å·²å‘ç”Ÿå˜åŒ–','æ•°æ®åº“é…ç½®å·²å‘ç”Ÿå˜åŒ–',0,1,1,0,'2019-08-31 11:02:03',0),(82,79,1,'rockdeng','2014-03-29 03:14:30','ç½‘å¡1 å‡ºæµé‡','ç½‘å¡1 å‡ºæµé‡',0,1,1,0,'2019-08-28 09:10:39',0),(83,52,3,'rockdeng','2014-03-29 03:15:02','æ•°æ®åº“é…ç½®æ£€æŸ¥æ˜¯å¦æ›´æ–°å¤±è´¥','æ•°æ®åº“é…ç½®æ£€æŸ¥æ˜¯å¦æ›´æ–°å¤±è´¥',0,1,1,0,'2019-08-31 11:01:46',0),(84,55,1,'rockdeng','2014-03-30 13:30:39','è¾“å‡ºæ—¥å¿—æ–‡ä»¶å ç”¨ç£ç›˜ç©ºé—´åˆ°æ–‡ä»¶','è¾“å‡ºæ—¥å¿—æ–‡ä»¶å ç”¨ç£ç›˜ç©ºé—´åˆ°æ–‡ä»¶',0,1,1,0,'2019-06-06 06:14:36',0),(85,52,3,'rockdeng','2017-07-25 00:58:00','å†™æ—¥å¿—èŽ·å–ä¸´ç•Œèµ„æºå¤±è´¥','èŽ·å–ä¸´ç•Œèµ„æºå¤±è´¥',0,1,1,0,'2019-06-06 06:14:36',0),(86,52,3,'rockdeng','2017-07-25 01:20:24','å†™æ—¥å¿—ç¼“å†²åŒºæ»¡','å†™æ—¥å¿—ç¼“å†²åŒºæ»¡',0,1,1,1,'2019-06-06 06:14:36',0),(87,52,3,'rockdeng','2017-07-25 01:22:34','vmem å­˜å‚¨å¤±è´¥','vmem å­˜å‚¨å¤±è´¥',0,1,1,0,'2019-06-06 06:14:36',0),(88,52,1,'rockdeng','2017-07-25 01:23:41','app  å…±äº«å†…å­˜æŽ¢æµ‹å¤±è´¥','app å…±äº«å†…å­˜æŽ¢æµ‹å¤±è´¥',0,1,1,0,'2019-06-06 06:14:36',0),(89,52,3,'rockdeng','2017-07-25 01:29:48','è¯»æ—¥å¿—èŽ·å–ä¸´ç•Œèµ„æºå¤±è´¥','è¯»æ—¥å¿—èŽ·å–ä¸´ç•Œèµ„æºå¤±è´¥',0,1,1,0,'2019-06-06 06:14:36',0),(90,52,3,'rockdeng','2017-07-25 15:05:09','å…±äº«å†…å­˜å“ˆå¸Œè¡¨æ ¡éªŒå¤±è´¥','å…±äº«å†…å­˜å“ˆå¸Œè¡¨æ ¡éªŒå¤±è´¥',0,1,1,0,'2019-06-06 06:14:36',0),(91,52,3,'rockdeng','2017-07-25 15:06:38','å…±äº«å†…å­˜å“ˆå¸Œè¡¨ä¸´ç•ŒåŒºèµ„æºèŽ·å–å¤±è´¥','å…±äº«å†…å­˜å“ˆå¸Œè¡¨ä¸´ç•ŒåŒºèµ„æºèŽ·å–å¤±è´¥',0,1,1,0,'2019-06-06 06:14:36',0),(92,52,3,'rockdeng','2017-07-30 03:20:16','æ£€æŸ¥appä¸»æœåŠ¡å™¨å¤±è´¥','app ä¸»log/attr server check å¤±è´¥',0,1,1,0,'2019-06-06 06:14:36',0),(93,51,1,'rockdeng','2017-07-30 08:04:48','slog_client å¿ƒè·³ä¸ŠæŠ¥é‡','æ—¥å¿—å®¢æˆ·ç«¯å¿ƒè·³ä¸ŠæŠ¥',0,1,1,0,'2019-06-06 06:14:36',0),(94,53,1,'rockdeng','2017-07-30 12:32:01','æ”¶åˆ°Logå¿ƒè·³ä¸ŠæŠ¥é‡','æ¥è‡ª slog_client çš„å¿ƒè·³',0,1,1,0,'2019-06-06 06:14:36',0),(97,52,3,'rockdeng','2017-08-12 14:02:11','å…±äº«å†…å­˜åˆ›å»ºå¤±è´¥','å…±äº«å†…å­˜åˆ›å»ºå¤±è´¥',0,1,1,0,'2019-06-06 06:14:36',0),(98,52,3,'rockdeng','2017-08-12 14:02:56','å…±äº«å†…å­˜attach æ ¡éªŒå¤±è´¥','å…±äº«å†…å­˜æ ¡éªŒå¤±è´¥',0,1,1,0,'2019-06-06 06:14:36',0),(99,52,3,'rockdeng','2017-08-12 15:08:35','comm åº“check å¼‚å¸¸','comm åº“ bug',0,1,1,0,'2019-06-06 06:14:36',0),(100,67,1,'rockdeng','2017-08-13 02:02:34','æ•°æ®å­˜å…¥vmemé‡','æ•°æ®å­˜å…¥vmemé‡',0,1,1,0,'2019-06-06 06:14:36',0),(101,67,3,'rockdeng','2017-08-13 02:06:11','æ•°æ®å­˜å…¥vmemå¤±è´¥é‡','æ•°æ®å­˜å…¥vmemå¤±è´¥é‡',0,1,1,0,'2019-06-06 06:14:36',0),(102,67,1,'rockdeng','2017-08-13 02:07:56','ä»Žvmem å–å‡ºæ•°æ®æˆåŠŸé‡','ä»Žvmem å–å‡ºæ•°æ®æˆåŠŸé‡',0,1,1,0,'2019-06-06 06:14:36',0),(103,67,3,'rockdeng','2017-08-13 02:08:51','ä»Žvmem å–å‡ºæ•°æ®å¼‚å¸¸','ä»Žvmem å–å‡ºæ•°æ®å¼‚å¸¸',0,1,1,0,'2019-06-06 06:14:36',0),(104,67,3,'rockdeng','2017-08-13 02:11:33','vmem é‡Šæ”¾å¼‚å¸¸','vmem é‡Šæ”¾å¼‚å¸¸',0,1,1,0,'2019-06-06 06:14:36',0),(105,67,1,'rockdeng','2017-08-13 02:13:06','vmem å»¶è¿Ÿé‡Šæ”¾é‡','vmem å»¶è¿Ÿé‡Šæ”¾é‡',0,1,1,0,'2019-06-06 06:14:36',0),(106,67,1,'rockdeng','2017-08-13 02:14:09','vmem å»¶è¿Ÿé‡Šæ”¾æˆåŠŸ','vmem å»¶è¿Ÿé‡Šæ”¾',0,1,1,0,'2019-06-06 06:14:36',0),(107,52,1,'rockdeng','2017-08-13 09:02:29','free','å½“å‰æœ‰æ—¥å¿—äº§ç”Ÿçš„app æ•°ç›®',0,1,1,0,'2019-08-28 09:57:30',0),(108,69,3,'rockdeng','2017-08-15 02:07:41','cgi å¯åŠ¨å¤±è´¥','cgi æ‰§è¡Œå¤±è´¥',0,1,1,0,'2019-06-06 06:14:36',0),(109,52,3,'rockdeng','2017-08-15 02:11:50','login å¤±è´¥',' å¤±è´¥',0,1,1,0,'2019-09-03 09:45:15',0),(110,69,1,'rockdeng','2017-08-15 02:24:55','login cookie check å¤±è´¥','login cookie check å¤±è´¥',0,1,1,0,'2019-06-06 06:14:36',0),(111,70,1,'rockdeng','2017-08-15 02:26:09','login cookie check æˆåŠŸé‡','login cookie check æˆåŠŸé‡',0,1,1,0,'2019-06-06 06:14:36',0),(112,70,1,'rockdeng','2017-08-15 02:28:11','login å¼¹å‡ºç™»å½•æ¡†','login å¼¹å‡ºç™»å½•æ¡†',0,1,1,0,'2019-06-06 06:14:36',0),(113,70,1,'rockdeng','2017-08-15 02:28:29','login é€šè¿‡è¾“å…¥ç”¨æˆ·åå¯†ç ç™»å½•æˆåŠŸ','login é€šè¿‡è¾“å…¥ç”¨æˆ·åå¯†ç ç™»å½•æˆåŠŸ',0,1,1,0,'2019-06-06 06:14:36',0),(114,52,1,'rockdeng','2017-08-15 02:31:19','éªŒè¯ç éªŒè¯æˆåŠŸé‡','éªŒè¯ç éªŒè¯æˆåŠŸé‡',0,1,1,0,'2019-09-03 09:44:01',0),(115,52,1,'rockdeng','2017-08-15 02:34:46','éªŒè¯ç éªŒè¯å¤±è´¥é‡','éªŒè¯ç éªŒè¯å¤±è´¥é‡',0,1,1,0,'2019-09-03 09:43:54',0),(116,71,3,'rockdeng','2017-08-15 05:35:37','mysql è¿žæŽ¥å¤±è´¥','mysql è¿žæŽ¥å¤±è´¥',0,1,1,1,'2019-06-06 06:14:36',0),(117,71,1,'rockdeng','2017-08-15 06:22:24','mysql è¿žæŽ¥è€—æ—¶0-10ms','mysql è¿žæŽ¥è€—æ—¶0-10ms',0,1,1,0,'2019-06-06 06:14:36',0),(118,71,1,'rockdeng','2017-08-15 06:22:39','mysql è¿žæŽ¥è€—æ—¶10-20ms','mysql è¿žæŽ¥è€—æ—¶10-20ms',0,1,1,0,'2019-06-06 06:14:36',0),(119,71,1,'rockdeng','2017-08-15 06:22:50','mysql è¿žæŽ¥è€—æ—¶20-50ms','mysql è¿žæŽ¥è€—æ—¶20-50ms',0,1,1,0,'2019-06-06 06:14:36',0),(120,71,1,'rockdeng','2017-08-15 06:23:03','mysql è¿žæŽ¥è€—æ—¶50-100ms','mysql è¿žæŽ¥è€—æ—¶50-100ms',0,1,1,0,'2019-06-06 06:14:36',0),(121,71,1,'rockdeng','2017-08-15 06:23:17','mysql è¿žæŽ¥è€—æ—¶å¤§äºŽ1000ms','mysql è¿žæŽ¥è€—æ—¶å¤§äºŽ1000ms',0,1,1,0,'2019-06-06 06:14:36',0),(122,71,1,'rockdeng','2017-08-15 09:15:37','mysql æ‰§è¡Œæ—¶é—´ 0-20 ms','mysql æ‰§è¡Œæ—¶é—´ 0-20 ms',0,1,1,0,'2019-06-06 06:14:36',0),(123,71,1,'rockdeng','2017-08-15 09:15:47','mysql æ‰§è¡Œæ—¶é—´ 20-50 ms','mysql æ‰§è¡Œæ—¶é—´ 20-50 ms',0,1,1,0,'2019-06-06 06:14:36',0),(124,71,1,'rockdeng','2017-08-15 09:15:57','mysql æ‰§è¡Œæ—¶é—´ 50-100 ms','mysql æ‰§è¡Œæ—¶é—´ 50-100 ms',0,1,1,0,'2019-06-06 06:14:36',0),(125,71,1,'rockdeng','2017-08-15 09:16:10','mysql æ‰§è¡Œæ—¶é—´ 100-200 ms','mysql æ‰§è¡Œæ—¶é—´ 100-200 ms',0,1,1,0,'2019-06-06 06:14:36',0),(126,71,1,'rockdeng','2017-08-15 09:16:24','mysql æ‰§è¡Œæ—¶é—´ 200-500 ms','mysql æ‰§è¡Œæ—¶é—´ 200-500 ms',0,1,1,0,'2019-06-06 06:14:36',0),(127,71,1,'rockdeng','2017-08-15 09:16:39','mysql æ‰§è¡Œæ—¶é—´ 500-1000 ms','mysql æ‰§è¡Œæ—¶é—´ 500-1000 ms',0,1,1,0,'2019-06-06 06:14:36',0),(128,71,1,'rockdeng','2017-08-15 09:16:58','mysql æ‰§è¡Œæ—¶é—´ 1000-2000 ms','mysql æ‰§è¡Œæ—¶é—´ 1000-2000 ms',0,1,1,0,'2019-06-06 06:14:36',0),(129,71,1,'rockdeng','2017-08-15 09:17:19','mysql æ‰§è¡Œæ—¶é—´å¤§äºŽ 2000','mysql æ‰§è¡Œæ—¶é—´å¤§äºŽ 2000 ms',0,1,1,0,'2019-06-06 06:14:36',0),(130,71,1,'rockdeng','2017-08-15 11:40:26','mysql è¿žæŽ¥è€—æ—¶åœ¨ 100-200 ms','mysql è¿žæŽ¥è€—æ—¶åœ¨ 100-200 ms',0,1,1,0,'2019-06-06 06:14:36',0),(131,71,1,'rockdeng','2017-08-15 11:42:09','mysql è¿žæŽ¥è€—æ—¶åœ¨ 200-500 ms','mysql è¿žæŽ¥è€—æ—¶åœ¨ 200-500 ms',0,1,1,0,'2019-06-06 06:14:36',0),(132,71,1,'rockdeng','2017-08-15 11:42:25','mysql è¿žæŽ¥è€—æ—¶åœ¨ 500-1000 ms','mysql è¿žæŽ¥è€—æ—¶åœ¨ 500-1000 ms',0,1,1,0,'2019-06-06 06:14:36',0),(133,71,1,'rockdeng','2017-08-15 11:48:13','mysql get result å®Œæˆæ—¶é—´ 0-20ms','mysql get result å®Œæˆæ—¶é—´ 0-20ms',0,1,1,0,'2019-06-06 06:14:36',0),(134,71,1,'rockdeng','2017-08-15 11:48:25','mysql get result å®Œæˆæ—¶é—´ 20-50ms','mysql get result å®Œæˆæ—¶é—´ 20-50ms',0,1,1,0,'2019-06-06 06:14:36',0),(135,71,1,'rockdeng','2017-08-15 11:48:40','mysql get result å®Œæˆæ—¶é—´ 50-100ms','mysql get result å®Œæˆæ—¶é—´ 50-100ms',0,1,1,0,'2019-06-06 06:14:36',0),(136,71,1,'rockdeng','2017-08-15 11:48:56','mysql get result å®Œæˆæ—¶é—´ 100-200ms','mysql get result å®Œæˆæ—¶é—´ 100-200ms',0,1,1,0,'2019-06-06 06:14:36',0),(137,71,1,'rockdeng','2017-08-15 11:49:09','mysql get result å®Œæˆæ—¶é—´ 200-500ms','mysql get result å®Œæˆæ—¶é—´ 200-500ms',0,1,1,0,'2019-06-06 06:14:36',0),(138,71,1,'rockdeng','2017-08-15 11:49:25','mysql get result å®Œæˆæ—¶é—´ 500-1000ms','mysql get result å®Œæˆæ—¶é—´ 500-1000ms',0,1,1,0,'2019-06-06 06:14:36',0),(139,71,1,'rockdeng','2017-08-15 11:49:50','mysql get result å®Œæˆæ—¶é—´å¤§äºŽ1000ms','mysql get result å®Œæˆæ—¶é—´å¤§äºŽ1000ms',0,1,1,0,'2019-06-06 06:14:36',0),(142,69,1,'rockdeng','2017-08-19 13:09:51','cgi è¯·æ±‚å¤±è´¥é‡','cgi è¯·æ±‚å¤±è´¥é‡',0,1,1,0,'2019-06-06 06:14:36',0),(143,70,1,'rockdeng','2017-08-19 13:10:02','cgi è¯·æ±‚æˆåŠŸé‡','cgi è¯·æ±‚æˆåŠŸé‡',0,1,1,0,'2019-06-06 06:14:36',0),(144,72,1,'rockdeng','2017-08-19 13:19:11','cgi å“åº”è€—æ—¶åœ¨ 0-100ms ','cgi å“åº”è€—æ—¶åœ¨ 0-100ms ',0,1,15,0,'2019-06-06 06:14:36',0),(145,72,1,'testmanager','2017-08-26 06:18:42','cgi å“åº”è€—æ—¶åœ¨ 100-300 ms','cgi å“åº”è€—æ—¶åœ¨ 100-300 ms',0,15,15,0,'2019-06-06 06:14:36',0),(146,72,1,'testmanager','2017-08-26 11:54:32','cgi å“åº”è€—æ—¶åœ¨ 300-500 ms','cgi å“åº”è€—æ—¶åœ¨ 300-500 ms',0,15,15,0,'2019-06-06 06:14:36',0),(147,72,1,'testmanager','2017-08-26 11:54:54','cgi å“åº”è€—æ—¶å¤§äºŽç­‰äºŽ 500 ms','cgi å“åº”è€—æ—¶å¤§äºŽç­‰äºŽ 500 ms',0,15,15,0,'2019-06-06 06:14:36',0),(163,76,4,'rockdeng','2017-10-21 10:25:39','cpu ä½¿ç”¨çŽ‡','cpu æ•´åˆä½¿ç”¨çŽ‡',0,1,1,0,'2019-06-06 06:14:36',0),(164,76,4,'rockdeng','2017-10-21 10:38:33','cpu0 ä½¿ç”¨çŽ‡','cpu0 ä½¿ç”¨çŽ‡',0,1,1,0,'2019-06-06 06:14:36',0),(165,76,4,'rockdeng','2017-10-21 10:42:17','cpu1 ä½¿ç”¨çŽ‡','cpu1 ä½¿ç”¨çŽ‡',0,1,1,0,'2019-06-06 06:14:36',0),(166,76,4,'rockdeng','2017-10-21 11:28:40','cpu2 ä½¿ç”¨çŽ‡','cpu2 ä½¿ç”¨çŽ‡',0,1,1,0,'2019-06-06 06:14:36',0),(167,76,4,'rockdeng','2017-10-21 11:28:50','cpu3 ä½¿ç”¨çŽ‡','cpu3 ä½¿ç”¨çŽ‡',0,1,1,0,'2019-06-06 06:14:36',0),(168,76,4,'rockdeng','2017-10-21 11:28:59','cpu4 ä½¿ç”¨çŽ‡','cpu4 ä½¿ç”¨çŽ‡',0,1,1,0,'2019-06-06 06:14:36',0),(169,76,4,'rockdeng','2017-10-21 11:30:05','cpu5 ä½¿ç”¨çŽ‡','cpu5 ä½¿ç”¨çŽ‡',0,1,1,0,'2019-06-06 06:14:36',0),(170,76,4,'rockdeng','2017-10-21 11:33:02','cpu6 ä½¿ç”¨çŽ‡','cpu6 ä½¿ç”¨çŽ‡',0,1,1,0,'2019-06-06 06:14:36',0),(171,76,4,'rockdeng','2017-10-21 11:33:11','cpu7 ä½¿ç”¨çŽ‡','cpu7 ä½¿ç”¨çŽ‡',0,1,1,0,'2019-06-06 06:14:36',0),(172,76,4,'rockdeng','2017-10-21 11:33:18','cpu8 ä½¿ç”¨çŽ‡','cpu8 ä½¿ç”¨çŽ‡',0,1,1,0,'2019-06-06 06:14:36',0),(173,76,4,'rockdeng','2017-10-21 11:33:25','cpu9 ä½¿ç”¨çŽ‡','cpu9 ä½¿ç”¨çŽ‡',0,1,1,0,'2019-06-06 06:14:36',0),(174,76,4,'rockdeng','2017-10-21 11:33:39','cpu10 ä½¿ç”¨çŽ‡','cpu10 ä½¿ç”¨çŽ‡',0,1,1,0,'2019-06-06 06:14:36',0),(175,76,4,'rockdeng','2017-10-21 11:33:47','cpu11 ä½¿ç”¨çŽ‡','cpu11 ä½¿ç”¨çŽ‡',0,1,1,0,'2019-06-06 06:14:36',0),(176,76,4,'rockdeng','2017-10-21 11:33:54','cpu12 ä½¿ç”¨çŽ‡','cpu12 ä½¿ç”¨çŽ‡',0,1,1,0,'2019-06-06 06:14:36',0),(177,76,4,'rockdeng','2017-10-21 11:33:59','cpu13 ä½¿ç”¨çŽ‡','cpu13 ä½¿ç”¨çŽ‡',0,1,1,0,'2019-06-06 06:14:36',0),(178,76,4,'rockdeng','2017-10-21 11:34:06','cpu14 ä½¿ç”¨çŽ‡','cpu14 ä½¿ç”¨çŽ‡',0,1,1,0,'2019-06-06 06:14:36',0),(179,76,4,'rockdeng','2017-10-21 11:34:11','cpu15 ä½¿ç”¨çŽ‡','cpu15 ä½¿ç”¨çŽ‡',0,1,1,0,'2019-06-06 06:14:36',0),(180,52,3,'rockdeng','2017-10-21 12:12:50','å“ˆå¸Œé˜¶æ•°ä½¿ç”¨è¾¾åˆ°é¢„è­¦å€¼','å“ˆå¸Œé˜¶æ•°ä½¿ç”¨è¾¾åˆ°é¢„è­¦å€¼',0,1,1,0,'2019-06-06 06:14:36',0),(181,52,3,'rockdeng','2017-10-21 12:20:57','å“ˆå¸Œé˜¶æ•°ä½¿ç”¨è€—å…‰','å“ˆå¸Œé˜¶æ•°ä½¿ç”¨è€—å…‰',0,1,1,0,'2019-06-06 06:14:36',0),(182,77,1,'rockdeng','2017-10-22 06:21:52','ç£ç›˜åˆ†åŒº1ä½¿ç”¨çŽ‡è¶…è¿‡é¢„è­¦å€¼','ç£ç›˜åˆ†åŒº1ä½¿ç”¨çŽ‡è¶…è¿‡é¢„è­¦å€¼',0,1,1,0,'2019-06-06 06:14:36',0),(183,78,4,'rockdeng','2017-10-29 03:50:27','å†…å­˜ä½¿ç”¨çŽ‡','å†…å­˜ä½¿ç”¨çŽ‡',0,1,1,0,'2019-06-06 06:14:36',0),(184,77,4,'rockdeng','2017-10-29 09:17:54','æ€»ç£ç›˜ç©ºé—´ä½¿ç”¨çŽ‡','æ‰€æœ‰æŒ‚è½½çš„ç£ç›˜ç©ºé—´æ±‡æ€»åŽçš„ä½¿ç”¨çŽ‡',0,1,1,0,'2019-06-06 06:14:36',0),(185,77,3,'rockdeng','2017-10-29 09:18:32','ç£ç›˜åˆ†åŒºä½¿ç”¨çŽ‡è¶…è¿‡80%','æŸç£ç›˜åˆ†åŒºä½¿ç”¨çŽ‡è¶…è¿‡80%',0,1,1,0,'2019-06-06 06:14:36',0),(186,77,3,'rockdeng','2017-10-29 10:08:49','ç£ç›˜åˆ†åŒºä½¿ç”¨çŽ‡è¶…è¿‡70%','æŸç£ç›˜åˆ†åŒºä½¿ç”¨çŽ‡è¶…è¿‡70%',0,1,1,0,'2019-06-06 06:14:36',0),(187,77,3,'rockdeng','2017-10-29 10:08:59','ç£ç›˜åˆ†åŒºä½¿ç”¨çŽ‡è¶…è¿‡90%','æŸç£ç›˜åˆ†åŒºä½¿ç”¨çŽ‡è¶…è¿‡90%',0,1,1,0,'2019-06-06 06:14:36',0),(188,77,3,'rockdeng','2017-10-29 10:09:07','ç£ç›˜åˆ†åŒºä½¿ç”¨çŽ‡è¶…è¿‡95%','æŸç£ç›˜åˆ†åŒºä½¿ç”¨çŽ‡è¶…è¿‡95%',0,1,1,0,'2019-06-06 06:14:36',0),(189,77,4,'rockdeng','2017-10-29 12:00:15','ç£ç›˜åˆ†åŒºæœ€å¤§ä½¿ç”¨çŽ‡','ç£ç›˜åˆ†åŒºæœ€å¤§ä½¿ç”¨çŽ‡',0,1,1,0,'2019-06-06 06:14:36',0),(190,79,1,'rockdeng','2017-11-05 06:45:36','ç½‘å¡eth0 å‡ºæµé‡','ç½‘å¡eth0 å‡ºæµé‡',0,1,1,0,'2019-06-06 06:14:36',0),(191,79,1,'rockdeng','2017-11-05 06:45:47','ç½‘å¡eth0 å…¥æµé‡','ç½‘å¡eth0 å…¥æµé‡',0,1,1,0,'2019-06-06 06:14:36',0),(192,79,1,'rockdeng','2017-11-05 06:46:30','ç½‘å¡eth0 å‡ºåŒ…é‡','ç½‘å¡eth0 ä»ŽåŒ…é‡',0,1,1,0,'2019-06-06 06:14:36',0),(193,79,1,'rockdeng','2017-11-05 06:46:49','ç½‘å¡eth0 å…¥åŒ…é‡','ç½‘å¡eth0 å…¥åŒ…é‡',0,1,1,0,'2019-06-06 06:14:36',0),(194,79,1,'rockdeng','2017-11-05 06:47:33','ç½‘å¡eth1 å‡ºæµé‡','ç½‘å¡eth1 å‡ºæµé‡',0,1,1,0,'2019-06-06 06:14:36',0),(195,79,1,'rockdeng','2017-11-05 06:47:56','ç½‘å¡eth1 å…¥æµé‡','ç½‘å¡eth1 å…¥æµé‡',0,1,1,0,'2019-06-06 06:14:36',0),(196,79,1,'rockdeng','2017-11-05 06:48:30','ç½‘å¡eth1 å‡ºåŒ…é‡','ç½‘å¡eth1 å‡ºåŒ…é‡',0,1,1,0,'2019-06-06 06:14:36',0),(197,79,1,'rockdeng','2017-11-05 06:50:01','ç½‘å¡eth1 å…¥åŒ…é‡','ç½‘å¡eth1 å…¥åŒ…é‡',0,1,1,0,'2019-06-06 06:14:36',0),(198,79,1,'rockdeng','2017-11-05 06:51:31','ç½‘å¡lo å‡ºæµé‡','ç½‘å¡lo å‡ºæµé‡',0,1,1,0,'2019-06-06 06:14:36',0),(199,79,1,'rockdeng','2017-11-05 06:51:44','ç½‘å¡lo å…¥æµé‡','ç½‘å¡lo å…¥æµé‡',0,1,1,0,'2019-06-06 06:14:36',0),(200,79,1,'rockdeng','2017-11-05 06:52:00','ç½‘å¡lo å‡ºåŒ…é‡','ç½‘å¡lo å‡ºåŒ…é‡',0,1,1,0,'2019-06-06 06:14:36',0),(201,79,1,'rockdeng','2017-11-05 06:52:17','ç½‘å¡lo å…¥åŒ…é‡','ç½‘å¡lo å…¥åŒ…é‡',0,1,1,0,'2019-06-06 06:14:36',0),(202,79,1,'rockdeng','2017-11-05 12:47:57','ç½‘å¡å‡ºçŽ°ä¸¢åŒ…','ç½‘å¡å‡ºçŽ°ä¸¢åŒ…',0,1,1,0,'2019-08-28 09:12:49',0),(203,80,1,'rockdeng','2017-12-05 12:01:29','memcache get æˆåŠŸé‡','memcache get æˆåŠŸé‡',0,1,1,0,'2019-06-06 06:14:36',0),(204,80,1,'rockdeng','2017-12-05 12:01:43','memcache get æ€»é‡','memcache get æ€»é‡',0,1,1,0,'2019-06-06 06:14:36',0),(205,80,1,'rockdeng','2017-12-05 12:01:53','memcache get å¤±è´¥é‡','memcache get å¤±è´¥é‡',0,1,1,0,'2019-06-06 06:14:36',0),(206,80,1,'rockdeng','2017-12-05 12:19:44','memcache set å¤±è´¥é‡','memcache set å¤±è´¥é‡',0,1,1,0,'2019-06-06 06:14:36',0),(207,80,1,'rockdeng','2017-12-05 12:19:58','memcache set æˆåŠŸé‡','memcache set æˆåŠŸé‡',0,1,1,0,'2019-06-06 06:14:36',0),(208,80,1,'rockdeng','2017-12-05 12:20:09','memcache set æ€»é‡','memcache set æ€»é‡',0,1,1,0,'2019-06-06 06:14:36',0),(219,52,3,'rockdeng','2018-10-10 11:59:39','slog_cgid å¿ƒè·³æ£€æµ‹å¤±è´¥','slog_cgid å¿ƒè·³æ£€æµ‹å¤±è´¥',0,1,1,0,'2019-06-06 06:14:36',0),(220,53,1,'rockdeng','2018-10-14 03:20:38','client logä¸ŠæŠ¥æ—¶é—´è§¦å‘æ ¡å‡†','client ä¸Ž server çš„æ—¶é—´ç›¸å·®è¶…è¿‡2åˆ†é’Ÿ',0,1,1,0,'2019-06-06 06:14:36',0),(222,52,3,'rockdeng','2018-10-20 04:20:42','é‚®ä»¶å…±äº«å†…å­˜ä¸´ç•Œèµ„æºèŽ·å–å¤±è´¥','å…±äº«å†…å­˜ä¸´ç•Œèµ„æº',0,1,1,0,'2019-06-06 06:14:36',0),(223,82,1,'rockdeng','2018-10-20 04:27:32','é‚®ä»¶è¿‡æœŸæœªå‘é€é‡','é‚®ä»¶è¿‡æœŸæœªå‘é€é‡',0,1,1,0,'2019-06-06 06:14:36',0),(224,82,1,'rockdeng','2018-10-20 08:23:41','é‚®ä»¶å‘é€é‡','æ€»é‚®ä»¶å‘é€é‡',0,1,1,0,'2019-06-06 06:14:36',0),(225,82,1,'rockdeng','2018-10-20 08:30:59','é‚®ä»¶å‘é€å¤±è´¥é‡','æ€»é‚®ä»¶å‘é€å¤±è´¥',0,1,1,0,'2019-06-06 06:14:36',0),(226,52,3,'rockdeng','2018-10-28 08:19:09','user pb session è®¾ç½®å¤±è´¥','UserSessionInfo ç»“æž„å­˜å‚¨',0,1,1,0,'2019-06-06 06:14:36',0),(227,52,3,'rockdeng','2018-10-28 08:19:25','user pb session èŽ·å–å¤±è´¥','UserSessionInfo ç»“æž„èŽ·å–',0,1,1,0,'2019-06-06 06:14:36',0),(234,55,3,'rockdeng','2018-11-13 08:55:24','ä»Žvmem èŽ·å–æ—¥å¿—å†…å®¹å‡ºé”™','ä»Žvmem èŽ·å–æ—¥å¿—å†…å®¹å‡ºé”™',0,1,1,0,'2019-06-06 06:14:36',0),(235,55,3,'rockdeng','2018-11-13 08:55:47','æ ¡éªŒvmem æ—¥å¿—å‡ºé”™','æ ¡éªŒvmem æ—¥å¿—å‡ºé”™',0,1,1,0,'2019-06-06 06:14:36',0),(236,52,3,'rockdeng','2018-11-13 12:23:51','ç›‘æŽ§ç‚¹ä¸ŠæŠ¥å¤±è´¥','ç›‘æŽ§ç‚¹ä¸ŠæŠ¥å¤±è´¥',0,1,1,1,'2019-06-06 06:14:36',0),(239,52,3,'rockdeng','2018-11-14 03:18:35','å“ˆå¸Œè¡¨æ•°æ®éžæ³•å·²é‡ç½®','å“ˆå¸Œè¡¨æ•°æ®éžæ³•å·²é‡ç½®',0,1,1,0,'2019-06-06 06:14:36',0),(240,52,3,'rockdeng','2018-11-14 11:40:22','åº”ç”¨æ—¥å¿—ç¼“å­˜å…±äº«å†…å­˜åˆ›å»ºå¤±è´¥','åº”ç”¨æ—¥å¿—ç¼“å­˜å…±äº«å†…å­˜åˆ›å»ºå¤±è´¥',0,1,1,0,'2019-06-06 06:14:36',0),(241,52,3,'rockdeng','2018-11-14 11:45:17','åº”ç”¨åŽ†å²æ—¥å¿—æ–‡ä»¶æ ¡éªŒå¤±è´¥','åº”ç”¨åŽ†å²æ—¥å¿—æ–‡ä»¶æ ¡éªŒå¤±è´¥',0,1,1,0,'2019-06-06 06:14:36',0),(248,52,3,'rockdeng','2018-11-17 11:42:53','ç”¨æˆ·ä¸»è´¦å·ä¿¡æ¯pb åºåˆ—åŒ–å¤±è´¥','ç”¨æˆ·ä¸»è´¦å·ä¿¡æ¯pb åºåˆ—åŒ–å¤±è´¥',0,1,1,0,'2019-06-06 06:14:36',0),(249,52,1,'rockdeng','2018-11-17 11:47:39','ç”¨æˆ·ä¸»è´¦å·ä¿¡æ¯pb åºåˆ—åŒ–ç¼“å†²åŒºå³å°†è€—å°½','ç”¨æˆ·ä¸»è´¦å·ä¿¡æ¯pb åºåˆ—åŒ–ç¼“å†²åŒºå³å°†è€—å°½',0,1,1,0,'2019-06-06 06:14:36',0),(250,52,3,'rockdeng','2018-11-17 11:49:25','ç”¨æˆ·ç™»å½•sessionåºåˆ—åŒ–ç¼“å†²åŒºå³å°†è€—å°½','ç”¨æˆ·ç™»å½•sessionåºåˆ—åŒ–ç¼“å†²åŒºå³å°†è€—å°½',0,1,1,0,'2019-06-06 06:14:36',0),(251,52,3,'rockdeng','2018-11-17 11:52:31','ç”¨æˆ·ä¸»è´¦å·ä¿¡æ¯ååºåˆ—åŒ–å¤±è´¥','ç”¨æˆ·ä¸»è´¦å·ä¿¡æ¯ååºåˆ—åŒ–å¤±è´¥',0,1,1,0,'2019-06-06 06:14:36',0),(252,52,3,'rockdeng','2018-11-17 13:15:15','ç³»ç»Ÿå¼‚å¸¸é”™è¯¯','ç³»ç»Ÿå¼‚å¸¸é”™è¯¯',0,1,1,1,'2019-06-06 06:14:36',0),(253,52,1,'rockdeng','2018-11-17 14:38:59','ç”¨æˆ·æ—¥å¿—è¾¾åˆ°ç©ºé—´ä¸Šé™è§¦å‘æ¬¡æ•°','ç”¨æˆ·æ—¥å¿—è¾¾åˆ°ç©ºé—´ä¸Šé™è§¦å‘æ¬¡æ•°',0,1,1,0,'2019-08-31 10:59:25',0),(254,53,1,'rockdeng','2018-11-18 07:50:15','åˆ é™¤app æ—¥å¿—æ–‡ä»¶è¯·æ±‚é‡','åˆ é™¤app æ—¥å¿—æ–‡ä»¶è¯·æ±‚é‡',0,1,1,0,'2019-06-06 06:14:36',0),(255,53,1,'rockdeng','2018-11-18 08:19:54','æŸ¥è¯¢ app æ—¥å¿—æ–‡ä»¶å ç”¨ç©ºé—´è¯·æ±‚é‡','æŸ¥è¯¢ app æ—¥å¿—æ–‡ä»¶å ç”¨ç©ºé—´è¯·æ±‚é‡',0,1,1,0,'2019-06-06 06:14:36',0),(256,53,1,'rockdeng','2018-11-18 09:17:12','ååºåˆ—åŒ–è¯·æ±‚åŒ…å¤±è´¥','ååºåˆ—åŒ–è¯·æ±‚åŒ…å¤±è´¥',0,1,1,0,'2019-06-06 06:14:36',0),(257,53,1,'rockdeng','2018-11-18 09:19:11','æ”¶åˆ°æŸ¥è¯¢ app æ—¥å¿—å ç”¨ç©ºé—´è¯·æ±‚é‡','æ”¶åˆ°æŸ¥è¯¢ app æ—¥å¿—å ç”¨ç©ºé—´è¯·æ±‚é‡',0,1,1,0,'2019-06-06 06:14:36',0),(258,53,1,'rockdeng','2018-11-18 09:52:54','æ”¶åˆ°æŸ¥è¯¢ app æ—¥å¿—å ç”¨ç©ºé—´å“åº”é‡','æ”¶åˆ°æŸ¥è¯¢ app æ—¥å¿—å ç”¨ç©ºé—´å“åº”é‡',0,1,1,0,'2019-06-06 06:14:36',0),(259,53,1,'rockdeng','2018-11-18 09:53:22','å‘é€æŸ¥è¯¢ app æ—¥å¿—å ç”¨ç©ºé—´å“åº”é‡','å‘é€æŸ¥è¯¢ app æ—¥å¿—å ç”¨ç©ºé—´å“åº”é‡',0,1,1,0,'2019-06-06 06:14:36',0),(260,52,3,'rockdeng','2018-11-18 11:42:59','app æ—¥å¿—åˆ†å‘æœåŠ¡å™¨é”™è¯¯','app æ—¥å¿—åˆ†å‘æœåŠ¡å™¨é”™è¯¯',0,1,1,1,'2019-06-06 06:14:36',0),(261,52,3,'rockdeng','2018-11-18 12:12:06','ç›‘æŽ§ç‚¹æœåŠ¡å™¨åˆ†å‘é”™è¯¯','ç›‘æŽ§ç‚¹æœåŠ¡å™¨åˆ†å‘é”™è¯¯',0,1,1,0,'2019-06-06 06:14:36',0),(262,53,1,'rockdeng','2018-11-19 07:22:34','è®¾ç½®æ—¥å¿—æ–‡ä»¶åˆ é™¤æ ‡è®°é‡','è®¾ç½®æ—¥å¿—æ–‡ä»¶åˆ é™¤æ ‡è®°é‡',0,1,1,0,'2019-06-06 06:14:36',0),(263,55,1,'rockdeng','2018-11-19 08:05:18','é€šè¿‡åˆ é™¤æ ‡è®°åˆ é™¤æ—¥å¿—æ–‡ä»¶é‡','é€šè¿‡åˆ é™¤æ ‡è®°åˆ é™¤æ—¥å¿—æ–‡ä»¶é‡',0,1,1,0,'2019-06-06 06:14:36',0),(284,83,1,'rockdeng','2018-12-06 13:39:33','å½“å‰å‘Šè­¦äº§ç”Ÿé‡','å½“å‰å‘Šè­¦äº§ç”Ÿé‡',0,1,1,0,'2019-09-04 07:48:55',0),(285,55,1,'rockdeng','2018-12-06 13:51:29','æ—¥å¿—å†™å…¥ç£ç›˜é‡ï¼ˆå•ä½byteï¼‰','æ—¥å¿—å†™å…¥ç£ç›˜é‡  (å•ä½byteï¼‰',0,1,1,0,'2019-09-04 07:46:09',0),(330,53,5,'rockdeng','2019-05-21 03:37:13','è¿œç¨‹æ€»æ—¥å¿—è®°å½•é‡','agent client å‘é€è¿‡æ¥çš„æ—¥å¿—é‡',0,1,1,0,'2019-06-06 06:14:36',0),(331,53,5,'rockdeng','2019-05-21 03:37:27','ç›‘æŽ§ç³»ç»Ÿæœ¬èº«çš„æ—¥å¿—è®°å½•é‡','ç›‘æŽ§ç³»ç»Ÿæœ¬èº«çš„æ—¥å¿—è®°å½•é‡',0,1,1,0,'2019-08-31 11:26:58',0),(332,55,5,'rockdeng','2019-05-21 03:51:54','æ—¥å¿—è®°å½•å†™å…¥ç£ç›˜æ€»é‡','æ—¥å¿—æ€»é‡',0,1,1,0,'2019-06-06 06:14:36',0),(355,82,1,'sadmin','2019-07-03 08:27:27','é‚®ä»¶å‘é€é‡','æ¯åˆ†é’Ÿçš„é‚®ä»¶å‘é€é‡',0,1,1,0,'2019-07-03 08:27:27',0),(356,82,5,'sadmin','2019-07-03 08:27:53','é‚®ä»¶å‘é€é‡åŽ†å²æ€»é‡','æ€»çš„é‚®ä»¶å‘é€é‡',0,1,1,0,'2019-07-03 08:27:53',0);
/*!40000 ALTER TABLE `mt_attr` ENABLE KEYS */;
UNLOCK TABLES;
/*!50003 SET @saved_cs_client      = @@character_set_client */ ;
/*!50003 SET @saved_cs_results     = @@character_set_results */ ;
/*!50003 SET @saved_col_connection = @@collation_connection */ ;
/*!50003 SET character_set_client  = latin1 */ ;
/*!50003 SET character_set_results = latin1 */ ;
/*!50003 SET collation_connection  = utf8_general_ci */ ;
/*!50003 SET @saved_sql_mode       = @@sql_mode */ ;
/*!50003 SET sql_mode              = 'STRICT_TRANS_TABLES,NO_ENGINE_SUBSTITUTION' */ ;
DELIMITER ;;
/*!50003 CREATE*/ /*!50017 DEFINER=`root`@`localhost`*/ /*!50003 trigger mt_attr_ins after insert on mt_attr for each row begin insert into mt_table_upate_monitor(u_table_name, r_primary_id) values('mt_attr', new.id); end */;;
DELIMITER ;
/*!50003 SET sql_mode              = @saved_sql_mode */ ;
/*!50003 SET character_set_client  = @saved_cs_client */ ;
/*!50003 SET character_set_results = @saved_cs_results */ ;
/*!50003 SET collation_connection  = @saved_col_connection */ ;
/*!50003 SET @saved_cs_client      = @@character_set_client */ ;
/*!50003 SET @saved_cs_results     = @@character_set_results */ ;
/*!50003 SET @saved_col_connection = @@collation_connection */ ;
/*!50003 SET character_set_client  = latin1 */ ;
/*!50003 SET character_set_results = latin1 */ ;
/*!50003 SET collation_connection  = utf8_general_ci */ ;
/*!50003 SET @saved_sql_mode       = @@sql_mode */ ;
/*!50003 SET sql_mode              = 'STRICT_TRANS_TABLES,NO_ENGINE_SUBSTITUTION' */ ;
DELIMITER ;;
/*!50003 CREATE*/ /*!50017 DEFINER=`root`@`localhost`*/ /*!50003 trigger mt_attr_up after update on mt_attr for each row begin insert into mt_table_upate_monitor(u_table_name, r_primary_id) values('mt_attr', old.id); end */;;
DELIMITER ;
/*!50003 SET sql_mode              = @saved_sql_mode */ ;
/*!50003 SET character_set_client  = @saved_cs_client */ ;
/*!50003 SET character_set_results = @saved_cs_results */ ;
/*!50003 SET collation_connection  = @saved_col_connection */ ;

--
-- Table structure for table `mt_attr_type`
--

DROP TABLE IF EXISTS `mt_attr_type`;
/*!40101 SET @saved_cs_client     = @@character_set_client */;
/*!40101 SET character_set_client = utf8 */;
CREATE TABLE `mt_attr_type` (
  `type` int(11) unsigned NOT NULL AUTO_INCREMENT,
  `parent_type` int(11) unsigned DEFAULT 0,
  `type_pos` varchar(128) DEFAULT '0' COMMENT 'ç±»åž‹ä½ç½®',
  `name` varchar(64) NOT NULL COMMENT 'ç±»åž‹åç§°',
  `attr_desc` varchar(256) DEFAULT NULL COMMENT 'ç±»åž‹æè¿°',
  `status` tinyint(4) DEFAULT 0 COMMENT 'çŠ¶æ€ç  0-æ­£å¸¸ä½¿ç”¨ 1-åˆ é™¤æ ‡å¿—',
  `create_user` varchar(64) DEFAULT NULL,
  `mod_user` varchar(64) DEFAULT NULL,
  `update_time` timestamp NOT NULL DEFAULT current_timestamp() ON UPDATE current_timestamp(),
  `create_time` timestamp NOT NULL DEFAULT current_timestamp(),
  `user_add_id` int(11) unsigned DEFAULT 0,
  `user_mod_id` int(11) unsigned DEFAULT 0,
  PRIMARY KEY (`type`)
) ENGINE=InnoDB AUTO_INCREMENT=84 DEFAULT CHARSET=utf8;
/*!40101 SET character_set_client = @saved_cs_client */;

--
-- Dumping data for table `mt_attr_type`
--

LOCK TABLES `mt_attr_type` WRITE;
/*!40000 ALTER TABLE `mt_attr_type` DISABLE KEYS */;
INSERT INTO `mt_attr_type` VALUES (1,0,'1','ç›‘æŽ§ç‚¹æ ¹ç±»åž‹','ç›‘æŽ§ç‚¹æ ¹ç±»åž‹',0,'sadmin','sadmin','2019-07-02 06:39:16','0000-00-00 00:00:00',1,1),(50,1,'1.1','æ—¥å¿—ç³»ç»Ÿ','æ—¥å¿—ç³»ç»Ÿå„æ¨¡å—ç›‘æŽ§',0,'rockdeng','rockdeng','2019-07-02 06:55:46','0000-00-00 00:00:00',1,1),(51,50,'1.1.1','slog_client ç›‘æŽ§','æ—¥å¿—ç³»ç»Ÿå®¢æˆ·ç«¯ç›¸å…³ç›‘æŽ§ä¸ŠæŠ¥',0,'rockdeng','rockdeng','2019-07-02 06:55:53','0000-00-00 00:00:00',1,1),(52,1,'1.1','åºŸå¼ƒå¾…ç”¨çš„ç›‘æŽ§ç‚¹','åºŸå¼ƒç­‰å¾…ä¿®æ”¹ä½¿ç”¨çš„ç›‘æŽ§ç‚¹',0,'rockdeng','sadmin','2019-08-28 09:57:05','0000-00-00 00:00:00',1,1),(53,50,'1.1.1','slog_serve','slog æ—¥å¿—æœåŠ¡å™¨ç«¯',0,'rockdeng','rockdeng','2019-07-02 06:55:53','0000-00-00 00:00:00',1,1),(54,50,'1.1.1','slog_config','è¯»å– mysql é…ç½®çš„è¿›ç¨‹',0,'rockdeng','rockdeng','2019-07-02 06:55:53','0000-00-00 00:00:00',1,1),(55,50,'1.1.1','slog_write','æ—¥å¿—æœåŠ¡å™¨ç«¯å†™æ—¥å¿—è¿›ç¨‹çš„ç›¸å…³ä¸ŠæŠ¥',0,'sadmin','sadmin','2019-07-02 06:39:16','0000-00-00 00:00:00',1,1),(56,1,'1.1','ç›‘æŽ§ç³»ç»Ÿ','å±žæ€§ä¸ŠæŠ¥ç›‘æŽ§ç³»ç»Ÿ',0,'sadmin','sadmin','2019-07-02 06:39:16','0000-00-00 00:00:00',1,1),(57,56,'1.1.1','monitor_client','ç›‘æŽ§ç³»ç»Ÿå®¢æˆ·ç«¯ monitor_client',0,'sadmin','sadmin','2019-07-02 06:39:16','0000-00-00 00:00:00',1,1),(58,56,'1.1.1','monitor_server','ç›‘æŽ§ç³»ç»ŸæœåŠ¡å™¨ç«¯ slog_monitor_server',0,'sadmin','sadmin','2019-07-02 06:39:16','0000-00-00 00:00:00',1,1),(66,1,'1.1','é€šç”¨ç»„ä»¶ä¸ŠæŠ¥','é€šç”¨ç»„ä»¶ç›‘æŽ§ä¸ŠæŠ¥',0,'sadmin','sadmin','2019-07-02 06:39:16','2017-08-13 02:01:57',1,1),(67,66,'1.1.1','vmem','vmem å¯å˜é•¿å…±äº«å†…å­˜ç»„ä»¶',0,'sadmin','sadmin','2019-07-02 06:39:16','2017-08-13 02:04:48',1,1),(68,1,'1.1','cgi ç›‘æŽ§','ç›‘æŽ§ç‚¹ç³»ç»Ÿ cgi/fcgi ç›¸å…³çš„ç›‘æŽ§ä¸ŠæŠ¥',0,'sadmin','sadmin','2019-07-02 06:40:00','2017-08-15 02:05:47',1,1),(69,68,'1.1.1','cgi å¼‚å¸¸ç›‘æŽ§','cgi å¼‚å¸¸ç‚¹ä¸ŠæŠ¥s',0,'sadmin','sadmin','2019-07-02 06:39:16','2017-08-15 02:06:23',1,15),(70,68,'1.1.1','cgi ä¸šåŠ¡é‡ç›‘æŽ§','cgi ä¸šåŠ¡é‡ç›‘æŽ§',0,'sadmin','sadmin','2019-07-02 06:39:16','2017-08-15 02:06:46',1,1),(71,66,'1.1.1','mysqlwrappe','mysql ç»„ä»¶',0,'sadmin','sadmin','2019-07-02 06:39:16','2017-08-15 05:35:06',1,1),(72,68,'1.1.1','cgi è°ƒç”¨è€—æ—¶ç›‘æŽ§','ç›‘æŽ§ç³»ç»Ÿ cgi è°ƒç”¨è€—æ—¶ç›‘æŽ§',0,'sadmin','sadmin','2019-07-02 06:39:48','2017-08-19 13:21:20',1,1),(75,1,'1.1','æœåŠ¡å™¨åŸºç¡€ç›‘æŽ§','ç›‘æŽ§ç‚¹ç±»åž‹ï¼Œæ‰€æœ‰ç”¨æˆ·å¯ä¸ŠæŠ¥',0,'sadmin','sadmin','2019-07-02 06:39:16','2017-10-21 10:24:44',1,1),(76,75,'1.1.1','cpu ç›‘æŽ§','cpuä½¿ç”¨çŽ‡ç­‰ç›‘æŽ§',0,'sadmin','sadmin','2019-07-02 06:39:16','2017-10-21 10:36:58',1,1),(77,75,'1.1.1','ç£ç›˜ç›‘æŽ§','ç£ç›˜ä½¿ç”¨çŽ‡ç­‰ç›‘æŽ§',0,'sadmin','sadmin','2019-07-02 06:39:16','2017-10-22 06:18:25',1,1),(78,75,'1.1.1','å†…å­˜ç›‘æŽ§','å†…å­˜ç›¸å…³çš„é€šç”¨ç›‘æŽ§',0,'sadmin','sadmin','2019-07-02 06:39:16','2017-10-29 03:49:59',1,1),(79,75,'1.1.1','ç½‘ç»œç›‘æŽ§','ç½‘ç»œç›¸å…³çš„ç›‘æŽ§',0,'sadmin','sadmin','2019-07-02 06:39:16','2017-11-05 06:43:25',1,1),(80,66,'1.1.1','memcache','memcache ç›‘æŽ§',0,'sadmin','sadmin','2019-07-02 06:39:16','2017-12-05 12:00:48',1,1),(82,66,'1.1.1','mail','é‚®ä»¶å‘é€ç›‘æŽ§',0,'rockdeng','sadmin','2019-07-03 07:30:31','2018-10-20 04:27:11',1,1),(83,56,'1.1.1','ç›‘æŽ§å‘Šè­¦ç›¸å…³','',0,'sadmin','sadmin','2019-08-28 08:49:36','2019-08-28 08:49:24',1,1);
/*!40000 ALTER TABLE `mt_attr_type` ENABLE KEYS */;
UNLOCK TABLES;
/*!50003 SET @saved_cs_client      = @@character_set_client */ ;
/*!50003 SET @saved_cs_results     = @@character_set_results */ ;
/*!50003 SET @saved_col_connection = @@collation_connection */ ;
/*!50003 SET character_set_client  = latin1 */ ;
/*!50003 SET character_set_results = latin1 */ ;
/*!50003 SET collation_connection  = utf8_general_ci */ ;
/*!50003 SET @saved_sql_mode       = @@sql_mode */ ;
/*!50003 SET sql_mode              = 'STRICT_TRANS_TABLES,NO_ENGINE_SUBSTITUTION' */ ;
DELIMITER ;;
/*!50003 CREATE*/ /*!50017 DEFINER=`root`@`localhost`*/ /*!50003 trigger mt_attr_type_ins after insert on mt_attr_type for each row begin insert into mt_table_upate_monitor(u_table_name, r_primary_id) values('mt_attr_type', new.type); end */;;
DELIMITER ;
/*!50003 SET sql_mode              = @saved_sql_mode */ ;
/*!50003 SET character_set_client  = @saved_cs_client */ ;
/*!50003 SET character_set_results = @saved_cs_results */ ;
/*!50003 SET collation_connection  = @saved_col_connection */ ;
/*!50003 SET @saved_cs_client      = @@character_set_client */ ;
/*!50003 SET @saved_cs_results     = @@character_set_results */ ;
/*!50003 SET @saved_col_connection = @@collation_connection */ ;
/*!50003 SET character_set_client  = latin1 */ ;
/*!50003 SET character_set_results = latin1 */ ;
/*!50003 SET collation_connection  = utf8_general_ci */ ;
/*!50003 SET @saved_sql_mode       = @@sql_mode */ ;
/*!50003 SET sql_mode              = 'STRICT_TRANS_TABLES,NO_ENGINE_SUBSTITUTION' */ ;
DELIMITER ;;
/*!50003 CREATE*/ /*!50017 DEFINER=`root`@`localhost`*/ /*!50003 trigger mt_attr_type_up after update on mt_attr_type for each row begin insert into mt_table_upate_monitor(u_table_name, r_primary_id) values('mt_attr_type', old.type); end */;;
DELIMITER ;
/*!50003 SET sql_mode              = @saved_sql_mode */ ;
/*!50003 SET character_set_client  = @saved_cs_client */ ;
/*!50003 SET character_set_results = @saved_cs_results */ ;
/*!50003 SET collation_connection  = @saved_col_connection */ ;

--
-- Table structure for table `mt_log_config`
--

DROP TABLE IF EXISTS `mt_log_config`;
/*!40101 SET @saved_cs_client     = @@character_set_client */;
/*!40101 SET character_set_client = utf8 */;
CREATE TABLE `mt_log_config` (
  `app_id` int(11) unsigned DEFAULT 0,
  `module_id` int(11) unsigned DEFAULT 0,
  `log_types` int(10) unsigned DEFAULT 0,
  `config_name` varchar(32) NOT NULL,
  `config_id` int(11) unsigned NOT NULL AUTO_INCREMENT,
  `update_time` timestamp NOT NULL DEFAULT current_timestamp() ON UPDATE current_timestamp(),
  `create_time` int(12) unsigned DEFAULT 0,
  `user_add` varchar(64) NOT NULL,
  `user_mod` varchar(64) NOT NULL,
  `status` tinyint(4) DEFAULT 0,
  `config_desc` varchar(128) DEFAULT NULL,
  `user_add_id` int(11) unsigned DEFAULT 1,
  `user_mod_id` int(11) unsigned DEFAULT 1,
  `write_speed` int(10) unsigned DEFAULT 0,
  PRIMARY KEY (`config_id`)
) ENGINE=InnoDB AUTO_INCREMENT=178 DEFAULT CHARSET=latin1;
/*!40101 SET character_set_client = @saved_cs_client */;

--
-- Dumping data for table `mt_log_config`
--

LOCK TABLES `mt_log_config` WRITE;
/*!40000 ALTER TABLE `mt_log_config` DISABLE KEYS */;
INSERT INTO `mt_log_config` VALUES (30,26,127,'fcgi_mt_slog',34,'2019-08-26 12:47:52',0,'rockdeng','sadmin',0,'fcgi_mt_slog',1,1,0),(30,25,127,'fcgi_slog_flogin',35,'2019-08-26 12:47:38',0,'rockdeng','sadmin',0,'fcgi_slog_flogin',1,1,0),(30,24,127,'slog_client',36,'2019-08-26 12:47:25',0,'rockdeng','sadmin',0,'slog_client',1,1,0),(30,23,127,'slog_write',37,'2019-08-26 12:47:15',0,'rockdeng','sadmin',0,'slog_write',1,1,0),(30,22,127,'slog_server',38,'2019-08-26 12:47:03',0,'rockdeng','sadmin',0,'slog_server',1,1,0),(30,21,127,'slog_config',39,'2019-08-26 12:46:54',0,'rockdeng','sadmin',0,'slog_config',1,1,0),(30,27,127,'slog_mtreport_server',40,'2019-08-26 12:48:09',0,'rockdeng','sadmin',0,'slog_mtreport_server',1,1,0),(30,28,127,'fcgi_mt_slog_monitor',41,'2019-08-26 12:46:43',0,'rockdeng','sadmin',0,'cgi_monitor',1,1,0),(30,29,127,'fcgi_mt_slog_attr',42,'2019-08-26 12:46:29',0,'rockdeng','sadmin',0,'mt_slog_attr',1,1,0),(30,30,127,'fcgi_mt_slog_machine',43,'2019-08-26 12:48:29',0,'rockdeng','sadmin',0,'fcgi_mt_slog_machine',1,1,0),(30,31,127,'fcgi_mt_slog_view',44,'2019-08-26 12:49:26',0,'rockdeng','sadmin',0,'fcgi_mt_slog_view',1,1,0),(30,33,127,'slog_monitor_server',46,'2019-08-26 12:45:58',0,'rockdeng','sadmin',0,'config_monitor_server',1,1,0),(30,34,127,'fcgi_mt_slog_showview',47,'2019-08-26 12:49:43',0,'rockdeng','sadmin',0,'fcgi_mt_slog_showview',1,1,0),(30,35,127,'fcgi_mt_slog_warn',48,'2019-08-31 11:06:51',0,'rockdeng','sadmin',0,'fcgi_mt_slog_warn',1,1,0),(30,39,127,'fcgi_mt_slog_user',52,'2019-08-31 11:06:59',0,'rockdeng','sadmin',0,'fcgi_mt_slog_user',1,1,222),(30,47,255,'slog_monitor_client',62,'2019-05-24 02:43:17',1501204510,'rockdeng','rockdeng',0,'server attr client',1,1,0),(30,33,127,'slog_monitor_server',63,'2019-08-27 00:14:59',1501219043,'rockdeng','sadmin',0,' attr server',1,1,4200),(30,48,127,'slog_deal_warn',64,'2019-08-26 12:45:20',1502026252,'rockdeng','sadmin',0,'mail',1,1,0),(30,59,127,'slog_check_warn',74,'2019-08-26 12:45:27',1533356355,'rockdeng','sadmin',0,'å‘Šè­¦æ¨¡å—',1,1,0);
/*!40000 ALTER TABLE `mt_log_config` ENABLE KEYS */;
UNLOCK TABLES;
/*!50003 SET @saved_cs_client      = @@character_set_client */ ;
/*!50003 SET @saved_cs_results     = @@character_set_results */ ;
/*!50003 SET @saved_col_connection = @@collation_connection */ ;
/*!50003 SET character_set_client  = latin1 */ ;
/*!50003 SET character_set_results = latin1 */ ;
/*!50003 SET collation_connection  = utf8_general_ci */ ;
/*!50003 SET @saved_sql_mode       = @@sql_mode */ ;
/*!50003 SET sql_mode              = 'STRICT_TRANS_TABLES,NO_ENGINE_SUBSTITUTION' */ ;
DELIMITER ;;
/*!50003 CREATE*/ /*!50017 DEFINER=`root`@`localhost`*/ /*!50003 trigger mt_log_config_ins after insert on mt_log_config for each row begin insert into mt_table_upate_monitor(u_table_name, r_primary_id) values('mt_log_config', new.config_id); end */;;
DELIMITER ;
/*!50003 SET sql_mode              = @saved_sql_mode */ ;
/*!50003 SET character_set_client  = @saved_cs_client */ ;
/*!50003 SET character_set_results = @saved_cs_results */ ;
/*!50003 SET collation_connection  = @saved_col_connection */ ;
/*!50003 SET @saved_cs_client      = @@character_set_client */ ;
/*!50003 SET @saved_cs_results     = @@character_set_results */ ;
/*!50003 SET @saved_col_connection = @@collation_connection */ ;
/*!50003 SET character_set_client  = latin1 */ ;
/*!50003 SET character_set_results = latin1 */ ;
/*!50003 SET collation_connection  = utf8_general_ci */ ;
/*!50003 SET @saved_sql_mode       = @@sql_mode */ ;
/*!50003 SET sql_mode              = 'STRICT_TRANS_TABLES,NO_ENGINE_SUBSTITUTION' */ ;
DELIMITER ;;
/*!50003 CREATE*/ /*!50017 DEFINER=`root`@`localhost`*/ /*!50003 trigger mt_log_config_up after update on mt_log_config for each row begin insert into mt_table_upate_monitor(u_table_name, r_primary_id) values('mt_log_config', old.config_id); end */;;
DELIMITER ;
/*!50003 SET sql_mode              = @saved_sql_mode */ ;
/*!50003 SET character_set_client  = @saved_cs_client */ ;
/*!50003 SET character_set_results = @saved_cs_results */ ;
/*!50003 SET collation_connection  = @saved_col_connection */ ;

--
-- Table structure for table `mt_machine`
--

DROP TABLE IF EXISTS `mt_machine`;
/*!40101 SET @saved_cs_client     = @@character_set_client */;
/*!40101 SET character_set_client = utf8 */;
CREATE TABLE `mt_machine` (
  `id` int(11) NOT NULL AUTO_INCREMENT COMMENT 'æœºå™¨ç¼–å·',
  `name` varchar(64) NOT NULL COMMENT 'æœºå™¨åç§°',
  `ip1` int(12) unsigned DEFAULT NULL,
  `ip2` int(12) unsigned DEFAULT NULL,
  `ip3` int(12) unsigned DEFAULT NULL,
  `ip4` int(12) unsigned DEFAULT NULL,
  `user_add` varchar(64) DEFAULT 'rock' COMMENT 'æ·»åŠ ç”¨æˆ·',
  `create_time` timestamp NOT NULL DEFAULT current_timestamp() COMMENT 'æ·»åŠ æ—¶é—´',
  `user_mod` varchar(64) DEFAULT 'rock' COMMENT 'æœ€åŽæ›´æ–°ç”¨æˆ·',
  `mod_time` timestamp NOT NULL DEFAULT current_timestamp() ON UPDATE current_timestamp() COMMENT 'æ›´æ–°æ—¶é—´',
  `machine_desc` varchar(256) DEFAULT NULL COMMENT 'æœºå™¨æè¿°',
  `status` tinyint(4) DEFAULT 0 COMMENT 'çŠ¶æ€ç  0-æ­£å¸¸ä½¿ç”¨ 1-åˆ é™¤æ ‡å¿— 2-åœç”¨',
  `warn_flag` int(8) DEFAULT 0 COMMENT 'å‘Šè­¦æ ‡è®°',
  `model_id` int(8) DEFAULT 0 COMMENT 'æœºå™¨åž‹å·',
  `user_mod_id` int(11) unsigned DEFAULT 1,
  `user_add_id` int(11) unsigned DEFAULT 1,
  PRIMARY KEY (`id`),
  KEY `ip1` (`ip1`)
) ENGINE=InnoDB AUTO_INCREMENT=117 DEFAULT CHARSET=utf8;
/*!40101 SET character_set_client = @saved_cs_client */;

--
-- Dumping data for table `mt_machine`
--

LOCK TABLES `mt_machine` WRITE;
/*!40000 ALTER TABLE `mt_machine` DISABLE KEYS */;
/*!40000 ALTER TABLE `mt_machine` ENABLE KEYS */;
UNLOCK TABLES;
/*!50003 SET @saved_cs_client      = @@character_set_client */ ;
/*!50003 SET @saved_cs_results     = @@character_set_results */ ;
/*!50003 SET @saved_col_connection = @@collation_connection */ ;
/*!50003 SET character_set_client  = latin1 */ ;
/*!50003 SET character_set_results = latin1 */ ;
/*!50003 SET collation_connection  = utf8_general_ci */ ;
/*!50003 SET @saved_sql_mode       = @@sql_mode */ ;
/*!50003 SET sql_mode              = 'STRICT_TRANS_TABLES,NO_ENGINE_SUBSTITUTION' */ ;
DELIMITER ;;
/*!50003 CREATE*/ /*!50017 DEFINER=`root`@`localhost`*/ /*!50003 trigger mt_machine_ins after insert on mt_machine for each row begin insert into mt_table_upate_monitor(u_table_name, r_primary_id) values('mt_machine', new.id); end */;;
DELIMITER ;
/*!50003 SET sql_mode              = @saved_sql_mode */ ;
/*!50003 SET character_set_client  = @saved_cs_client */ ;
/*!50003 SET character_set_results = @saved_cs_results */ ;
/*!50003 SET collation_connection  = @saved_col_connection */ ;
/*!50003 SET @saved_cs_client      = @@character_set_client */ ;
/*!50003 SET @saved_cs_results     = @@character_set_results */ ;
/*!50003 SET @saved_col_connection = @@collation_connection */ ;
/*!50003 SET character_set_client  = latin1 */ ;
/*!50003 SET character_set_results = latin1 */ ;
/*!50003 SET collation_connection  = utf8_general_ci */ ;
/*!50003 SET @saved_sql_mode       = @@sql_mode */ ;
/*!50003 SET sql_mode              = 'STRICT_TRANS_TABLES,NO_ENGINE_SUBSTITUTION' */ ;
DELIMITER ;;
/*!50003 CREATE*/ /*!50017 DEFINER=`root`@`localhost`*/ /*!50003 trigger mt_machine_up after update on mt_machine for each row begin insert into mt_table_upate_monitor(u_table_name, r_primary_id) values('mt_machine', old.id); end */;;
DELIMITER ;
/*!50003 SET sql_mode              = @saved_sql_mode */ ;
/*!50003 SET character_set_client  = @saved_cs_client */ ;
/*!50003 SET character_set_results = @saved_cs_results */ ;
/*!50003 SET collation_connection  = @saved_col_connection */ ;

--
-- Table structure for table `mt_module_info`
--

DROP TABLE IF EXISTS `mt_module_info`;
/*!40101 SET @saved_cs_client     = @@character_set_client */;
/*!40101 SET character_set_client = utf8 */;
CREATE TABLE `mt_module_info` (
  `module_name` varchar(32) NOT NULL,
  `module_desc` varchar(128) NOT NULL,
  `app_id` int(11) unsigned DEFAULT 0,
  `module_id` int(11) unsigned NOT NULL AUTO_INCREMENT,
  `status` tinyint(4) DEFAULT 0,
  `user_add` varchar(32) NOT NULL,
  `user_mod` varchar(32) NOT NULL,
  `create_time` timestamp NOT NULL DEFAULT current_timestamp(),
  `mod_time` timestamp NOT NULL DEFAULT current_timestamp() ON UPDATE current_timestamp(),
  `user_mod_id` int(11) unsigned DEFAULT 1,
  `user_add_id` int(11) unsigned DEFAULT 1,
  PRIMARY KEY (`module_id`)
) ENGINE=InnoDB AUTO_INCREMENT=150 DEFAULT CHARSET=latin1;
/*!40101 SET character_set_client = @saved_cs_client */;

--
-- Dumping data for table `mt_module_info`
--

LOCK TABLES `mt_module_info` WRITE;
/*!40000 ALTER TABLE `mt_module_info` DISABLE KEYS */;
INSERT INTO `mt_module_info` VALUES ('slog_config','å¤„ç†ç›‘æŽ§ç³»ç»Ÿç›¸å…³é…ç½®ï¼Œæœ‰æ›´æ–°æ—¶å°†é…ç½®ä»Žæ•°æ®åº“æ›´æ–°åˆ°å…±äº«å†…å­˜',30,21,0,'rockdeng','sadmin','0000-00-00 00:00:00','2019-08-26 12:50:24',1,1),('slog_server','æ—¥å¿—æœåŠ¡ï¼ŒæŽ¥æ”¶è¿œç¨‹logå¹¶å†™å…¥æœåŠ¡å™¨å…±äº«å†…å­˜ä¸­',30,22,0,'rockdeng','sadmin','0000-00-00 00:00:00','2019-08-26 12:50:17',1,1),('slog_write','æ—¥å¿—å†™å…¥ç£ç›˜æœåŠ¡',30,23,0,'rockdeng','sadmin','0000-00-00 00:00:00','2019-08-26 12:50:12',1,1),('slog_client','ç”¨äºŽæ”¶é›†å¤šæœºéƒ¨ç½²æ—¶ï¼Œç›‘æŽ§ç³»ç»Ÿè‡ªèº«äº§ç”Ÿçš„æ—¥å¿—',30,24,0,'rockdeng','sadmin','0000-00-00 00:00:00','2019-08-26 12:50:07',1,1),('fcgi_slog_flogin','ç”¨äºŽå¤„ç†ç”¨æˆ·ç™»å½•æŽˆæƒ',30,25,0,'rockdeng','rockdeng','0000-00-00 00:00:00','2017-07-28 01:19:56',1,1),('fcgi_mt_slog','ç”¨äºŽå¤„ç†ç³»ç»Ÿæ—¥å¿—å±•ç¤ºï¼Œåº”ç”¨æ¨¡å—é…ç½®ç­‰',30,26,0,'rockdeng','rockdeng','0000-00-00 00:00:00','2014-12-14 04:04:29',1,1),('slog_mtreport_server','ç®¡ç†ç›‘æŽ§ agent slog_mtreport_client çš„æŽ¥å…¥ï¼Œä»¥åŠä¸‹å‘é…ç½®',30,27,0,'rockdeng','sadmin','0000-00-00 00:00:00','2019-08-26 12:44:40',1,1),('fcgi_mt_slog_monitor','ç›‘æŽ§ç³»ç»Ÿä¸»é¡µ',30,28,0,'rockdeng','sadmin','0000-00-00 00:00:00','2019-07-02 07:53:44',1,1),('fcgi_mt_slog_attr','ç”¨äºŽç®¡ç†ç›‘æŽ§ç‚¹å’Œç›‘æŽ§ç‚¹ç±»åž‹',30,29,0,'rockdeng','sadmin','0000-00-00 00:00:00','2019-08-26 12:43:33',1,1),('fcgi_mt_slog_machine','ç”¨äºŽç®¡ç†ç³»ç»Ÿæœºå™¨é…ç½®',30,30,0,'rockdeng','sadmin','0000-00-00 00:00:00','2019-07-02 07:51:56',1,1),('fcgi_mt_slog_view','ç”¨äºŽå¤„ç†è§†å›¾é…ç½®',30,31,0,'rockdeng','sadmin','0000-00-00 00:00:00','2019-07-02 07:51:44',1,1),('slog_monitor_server','ç”¨äºŽå¤„ç†ç›‘æŽ§ç‚¹ä¸ŠæŠ¥',30,33,0,'rockdeng','sadmin','0000-00-00 00:00:00','2019-08-26 12:12:09',1,1),('fcgi_mt_slog_showview','å¤„ç†webç³»ç»Ÿè§†å›¾å±•ç¤º',30,34,0,'rockdeng','rockdeng','0000-00-00 00:00:00','2018-05-23 11:11:49',1,1),('fcgi_mt_slog_warn','å‘Šè­¦é…ç½®',30,35,0,'rockdeng','sadmin','0000-00-00 00:00:00','2019-08-31 11:07:39',1,1),('fcgi_mt_slog_user','ç›‘æŽ§ç³»ç»Ÿç”¨æˆ·ç®¡ç†cgi',30,39,0,'rockdeng','sadmin','0000-00-00 00:00:00','2019-08-31 11:07:26',1,1),('slog_monitor_client','ç›‘æŽ§ç³»ç»Ÿæœ¬èº«çš„ç›‘æŽ§ç‚¹ä¸ŠæŠ¥æœåŠ¡',30,47,0,'rockdeng','sadmin','2017-07-28 01:14:27','2019-08-26 12:11:46',1,1),('slog_deal_warn','ç›‘æŽ§å‘Šè­¦å¤„ç†æ¨¡å—',30,48,0,'rockdeng','sadmin','2017-08-06 13:30:20','2019-08-26 12:11:00',1,1),('slog_check_warn','å‘Šè­¦æ£€æŸ¥æ¨¡å—',30,59,0,'rockdeng','sadmin','2018-08-04 04:18:14','2019-08-26 12:11:26',1,1);
/*!40000 ALTER TABLE `mt_module_info` ENABLE KEYS */;
UNLOCK TABLES;
/*!50003 SET @saved_cs_client      = @@character_set_client */ ;
/*!50003 SET @saved_cs_results     = @@character_set_results */ ;
/*!50003 SET @saved_col_connection = @@collation_connection */ ;
/*!50003 SET character_set_client  = latin1 */ ;
/*!50003 SET character_set_results = latin1 */ ;
/*!50003 SET collation_connection  = utf8_general_ci */ ;
/*!50003 SET @saved_sql_mode       = @@sql_mode */ ;
/*!50003 SET sql_mode              = 'STRICT_TRANS_TABLES,NO_ENGINE_SUBSTITUTION' */ ;
DELIMITER ;;
/*!50003 CREATE*/ /*!50017 DEFINER=`root`@`localhost`*/ /*!50003 trigger mt_module_info_ins after insert on mt_module_info for each row begin insert into mt_table_upate_monitor(u_table_name, r_primary_id) values('mt_module_info', new.module_id); end */;;
DELIMITER ;
/*!50003 SET sql_mode              = @saved_sql_mode */ ;
/*!50003 SET character_set_client  = @saved_cs_client */ ;
/*!50003 SET character_set_results = @saved_cs_results */ ;
/*!50003 SET collation_connection  = @saved_col_connection */ ;
/*!50003 SET @saved_cs_client      = @@character_set_client */ ;
/*!50003 SET @saved_cs_results     = @@character_set_results */ ;
/*!50003 SET @saved_col_connection = @@collation_connection */ ;
/*!50003 SET character_set_client  = latin1 */ ;
/*!50003 SET character_set_results = latin1 */ ;
/*!50003 SET collation_connection  = utf8_general_ci */ ;
/*!50003 SET @saved_sql_mode       = @@sql_mode */ ;
/*!50003 SET sql_mode              = 'STRICT_TRANS_TABLES,NO_ENGINE_SUBSTITUTION' */ ;
DELIMITER ;;
/*!50003 CREATE*/ /*!50017 DEFINER=`root`@`localhost`*/ /*!50003 trigger mt_module_info_up after update on mt_module_info for each row begin insert into mt_table_upate_monitor(u_table_name, r_primary_id) values('mt_module_info', old.module_id); end */;;
DELIMITER ;
/*!50003 SET sql_mode              = @saved_sql_mode */ ;
/*!50003 SET character_set_client  = @saved_cs_client */ ;
/*!50003 SET character_set_results = @saved_cs_results */ ;
/*!50003 SET collation_connection  = @saved_col_connection */ ;

--
-- Table structure for table `mt_server`
--

DROP TABLE IF EXISTS `mt_server`;
/*!40101 SET @saved_cs_client     = @@character_set_client */;
/*!40101 SET character_set_client = utf8 */;
CREATE TABLE `mt_server` (
  `ip` char(20) NOT NULL,
  `port` int(11) unsigned NOT NULL DEFAULT 12345,
  `type` int(8) unsigned NOT NULL DEFAULT 0,
  `id` int(11) unsigned NOT NULL AUTO_INCREMENT,
  `sand_box` int(8) unsigned DEFAULT 0,
  `region` int(8) unsigned DEFAULT 0,
  `idc` int(8) unsigned DEFAULT 0,
  `status` int(8) DEFAULT 0,
  `srv_for` text DEFAULT NULL,
  `weight` int(11) unsigned DEFAULT 60000,
  `cfg_seq` int(11) unsigned DEFAULT 1,
  `user_add` varchar(64) NOT NULL,
  `user_mod` varchar(64) NOT NULL,
  `create_time` int(12) unsigned DEFAULT 0,
  `update_time` timestamp NOT NULL DEFAULT current_timestamp() ON UPDATE current_timestamp(),
  `m_desc` varchar(256) DEFAULT NULL,
  PRIMARY KEY (`ip`,`type`),
  KEY `id` (`id`)
) ENGINE=InnoDB AUTO_INCREMENT=24 DEFAULT CHARSET=utf8;
/*!40101 SET character_set_client = @saved_cs_client */;

--
-- Dumping data for table `mt_server`
--

LOCK TABLES `mt_server` WRITE;
/*!40000 ALTER TABLE `mt_server` DISABLE KEYS */;
INSERT INTO `mt_server` VALUES ('192.168.128.210',28080,1,3,0,0,0,0,'30',1000,1567504649,'sadmin','sadmin',1474811820,'2019-11-17 11:33:18','ç»‘å®šåº”ç”¨idï¼Œå¤„ç†æ—¥å¿—ä¸ŠæŠ¥ï¼Œå¯éƒ¨ç½²å¤šå°'),('192.168.128.210',38080,2,6,0,0,0,0,'',1000,1567504630,'sadmin','sadmin',1475408172,'2019-11-17 11:32:40','å¤„ç†ç›‘æŽ§ç‚¹æ•°æ®ä¸ŠæŠ¥ã€å¯éƒ¨ç½²å¤šå°'),('192.168.128.210',3306,3,4,0,0,0,0,'',1000,1567577833,'sadmin','sadmin',1475152894,'2019-11-17 11:32:40','mysql ç›‘æŽ§ç‚¹æœåŠ¡å™¨ï¼Œéƒ¨ç½²1å°'),('192.168.128.210',12121,11,23,0,0,0,0,'',1000,1567504613,'sadmin','sadmin',1561962711,'2019-11-17 11:28:26','web æŽ§åˆ¶å°æœåŠ¡å™¨ï¼Œéƒ¨ç½²1å°');
/*!40000 ALTER TABLE `mt_server` ENABLE KEYS */;
UNLOCK TABLES;
/*!50003 SET @saved_cs_client      = @@character_set_client */ ;
/*!50003 SET @saved_cs_results     = @@character_set_results */ ;
/*!50003 SET @saved_col_connection = @@collation_connection */ ;
/*!50003 SET character_set_client  = latin1 */ ;
/*!50003 SET character_set_results = latin1 */ ;
/*!50003 SET collation_connection  = utf8_general_ci */ ;
/*!50003 SET @saved_sql_mode       = @@sql_mode */ ;
/*!50003 SET sql_mode              = 'STRICT_TRANS_TABLES,NO_ENGINE_SUBSTITUTION' */ ;
DELIMITER ;;
/*!50003 CREATE*/ /*!50017 DEFINER=`root`@`localhost`*/ /*!50003 trigger mt_server_ins after insert on mt_server for each row begin insert into mt_table_upate_monitor(u_table_name, r_primary_id) values('mt_server', new.id); end */;;
DELIMITER ;
/*!50003 SET sql_mode              = @saved_sql_mode */ ;
/*!50003 SET character_set_client  = @saved_cs_client */ ;
/*!50003 SET character_set_results = @saved_cs_results */ ;
/*!50003 SET collation_connection  = @saved_col_connection */ ;
/*!50003 SET @saved_cs_client      = @@character_set_client */ ;
/*!50003 SET @saved_cs_results     = @@character_set_results */ ;
/*!50003 SET @saved_col_connection = @@collation_connection */ ;
/*!50003 SET character_set_client  = latin1 */ ;
/*!50003 SET character_set_results = latin1 */ ;
/*!50003 SET collation_connection  = utf8_general_ci */ ;
/*!50003 SET @saved_sql_mode       = @@sql_mode */ ;
/*!50003 SET sql_mode              = 'STRICT_TRANS_TABLES,NO_ENGINE_SUBSTITUTION' */ ;
DELIMITER ;;
/*!50003 CREATE*/ /*!50017 DEFINER=`root`@`localhost`*/ /*!50003 trigger mt_server_up after update on mt_server for each row begin insert into mt_table_upate_monitor(u_table_name, r_primary_id) values('mt_server', old.id); end */;;
DELIMITER ;
/*!50003 SET sql_mode              = @saved_sql_mode */ ;
/*!50003 SET character_set_client  = @saved_cs_client */ ;
/*!50003 SET character_set_results = @saved_cs_results */ ;
/*!50003 SET collation_connection  = @saved_col_connection */ ;

--
-- Table structure for table `mt_table_upate_monitor`
--

DROP TABLE IF EXISTS `mt_table_upate_monitor`;
/*!40101 SET @saved_cs_client     = @@character_set_client */;
/*!40101 SET character_set_client = utf8 */;
CREATE TABLE `mt_table_upate_monitor` (
  `u_table_name` varchar(32) NOT NULL,
  `r_primary_id` int(11) unsigned DEFAULT 0,
  `r_primary_id_2` int(11) unsigned DEFAULT 0,
  `create_time` timestamp NOT NULL DEFAULT current_timestamp() ON UPDATE current_timestamp(),
  `r_change_id` int(11) unsigned NOT NULL AUTO_INCREMENT,
  PRIMARY KEY (`r_change_id`)
) ENGINE=MyISAM AUTO_INCREMENT=39856 DEFAULT CHARSET=utf8;
/*!40101 SET character_set_client = @saved_cs_client */;

--
-- Dumping data for table `mt_table_upate_monitor`
--

LOCK TABLES `mt_table_upate_monitor` WRITE;
/*!40000 ALTER TABLE `mt_table_upate_monitor` DISABLE KEYS */;
INSERT INTO `mt_table_upate_monitor` VALUES ('mt_view_battr',21,62,'2019-11-17 11:34:44',39780),('mt_view_battr',21,74,'2019-11-17 11:34:44',39781),('mt_view_battr',21,63,'2019-11-17 11:34:44',39782),('mt_view_battr',21,56,'2019-11-17 11:34:44',39783),('mt_view_battr',21,55,'2019-11-17 11:34:44',39784),('mt_view_battr',21,57,'2019-11-17 11:34:44',39785),('mt_view_battr',21,64,'2019-11-17 11:34:44',39786),('mt_view_battr',21,71,'2019-11-17 11:34:44',39787),('mt_view_battr',21,73,'2019-11-17 11:34:44',39788),('mt_view_battr',21,58,'2019-11-17 11:34:44',39789),('mt_view_battr',21,65,'2019-11-17 11:34:44',39790),('mt_view_battr',23,70,'2019-11-17 11:34:44',39791),('mt_view_battr',26,113,'2019-11-17 11:34:44',39792),('mt_view_battr',23,65,'2019-11-17 11:34:44',39793),('mt_view_battr',23,93,'2019-11-17 11:34:44',39794),('mt_view_battr',21,67,'2019-11-17 11:34:44',39795),('mt_view_battr',21,75,'2019-11-17 11:34:44',39796),('mt_view_battr',21,59,'2019-11-17 11:34:44',39797),('mt_view_battr',21,60,'2019-11-17 11:34:44',39798),('mt_view_battr',21,70,'2019-11-17 11:34:44',39799),('mt_view_battr',23,73,'2019-11-17 11:34:44',39800),('mt_view_battr',23,75,'2019-11-17 11:34:44',39801),('mt_view_battr',21,61,'2019-11-17 11:34:44',39802),('mt_view_battr',21,66,'2019-11-17 11:34:44',39803),('mt_view_battr',21,68,'2019-11-17 11:34:44',39804),('mt_view_battr',21,69,'2019-11-17 11:34:44',39805),('mt_view_battr',21,72,'2019-11-17 11:34:44',39806),('mt_view_battr',21,76,'2019-11-17 11:34:44',39807),('mt_view_battr',23,67,'2019-11-17 11:34:44',39808),('mt_view_battr',21,77,'2019-11-17 11:34:44',39809),('mt_view_battr',21,78,'2019-11-17 11:34:44',39810),('mt_view_battr',21,79,'2019-11-17 11:34:44',39811),('mt_view_battr',21,80,'2019-11-17 11:34:44',39812),('mt_view_battr',21,81,'2019-11-17 11:34:44',39813),('mt_view_battr',21,82,'2019-11-17 11:34:44',39814),('mt_view_battr',21,83,'2019-11-17 11:34:44',39815),('mt_view_battr',26,143,'2019-11-17 11:34:44',39816),('mt_view_battr',26,112,'2019-11-17 11:34:44',39817),('mt_view_battr',26,111,'2019-11-17 11:34:44',39818),('mt_view_battr',26,110,'2019-11-17 11:34:44',39819),('mt_view_battr',26,146,'2019-11-17 11:34:44',39820),('mt_view_battr',26,147,'2019-11-17 11:34:44',39821),('mt_view_battr',26,145,'2019-11-17 11:34:44',39822),('mt_view_battr',26,108,'2019-11-17 11:34:44',39823),('mt_view_battr',26,144,'2019-11-17 11:34:44',39824),('mt_view_battr',26,142,'2019-11-17 11:34:44',39825),('mt_view_battr',23,62,'2019-11-17 11:34:44',39826),('mt_view_battr',23,94,'2019-11-17 11:34:44',39827),('mt_view_battr',22,67,'2019-11-17 11:34:44',39828),('mt_view_battr',22,73,'2019-11-17 11:34:44',39829),('mt_view_bmach',21,6,'2019-11-17 11:35:13',39830),('mt_view_bmach',22,47,'2019-11-17 11:35:13',39831),('mt_view_bmach',21,18,'2019-11-17 11:35:13',39832),('mt_view_bmach',21,20,'2019-11-17 11:35:13',39833),('mt_view_bmach',26,52,'2019-11-17 11:35:13',39834),('mt_view_bmach',23,46,'2019-11-17 11:35:13',39835),('mt_view_bmach',23,47,'2019-11-17 11:35:13',39836),('mt_view_bmach',23,51,'2019-11-17 11:35:13',39837),('mt_view_bmach',23,52,'2019-11-17 11:35:13',39838),('mt_view_bmach',22,51,'2019-11-17 11:35:13',39839),('mt_view_bmach',22,52,'2019-11-17 11:35:13',39840),('mt_view_bmach',26,51,'2019-11-17 11:35:13',39841),('mt_view_bmach',26,46,'2019-11-17 11:35:13',39842),('mt_view_bmach',23,58,'2019-11-17 11:35:13',39843),('mt_view_bmach',23,59,'2019-11-17 11:35:13',39844),('mt_view_bmach',22,58,'2019-11-17 11:35:13',39845),('mt_view_bmach',22,59,'2019-11-17 11:35:13',39846),('mt_view_bmach',22,60,'2019-11-17 11:35:13',39847),('mt_view_bmach',23,60,'2019-11-17 11:35:13',39848),('mt_view_bmach',23,61,'2019-11-17 11:35:13',39849),('mt_view_bmach',22,61,'2019-11-17 11:35:13',39850),('mt_view_bmach',22,46,'2019-11-17 11:35:13',39851),('mt_view_bmach',22,84,'2019-11-17 11:35:13',39852),('mt_view_bmach',23,114,'2019-11-17 11:35:13',39853),('mt_view_bmach',22,114,'2019-11-17 11:35:13',39854),('mt_view_bmach',26,114,'2019-11-17 11:35:13',39855);
/*!40000 ALTER TABLE `mt_table_upate_monitor` ENABLE KEYS */;
UNLOCK TABLES;

--
-- Table structure for table `mt_view`
--

DROP TABLE IF EXISTS `mt_view`;
/*!40101 SET @saved_cs_client     = @@character_set_client */;
/*!40101 SET character_set_client = utf8 */;
CREATE TABLE `mt_view` (
  `id` int(11) NOT NULL AUTO_INCREMENT COMMENT 'è§†å›¾ç¼–å·',
  `name` varchar(64) NOT NULL COMMENT 'è§†å›¾åç§°',
  `user_add` varchar(64) DEFAULT 'rock' COMMENT 'æ·»åŠ ç”¨æˆ·',
  `create_time` timestamp NOT NULL DEFAULT current_timestamp() COMMENT 'æ·»åŠ æ—¶é—´',
  `user_mod` varchar(64) DEFAULT 'rock' COMMENT 'æœ€åŽæ›´æ–°ç”¨æˆ·',
  `mod_time` timestamp NOT NULL DEFAULT current_timestamp() ON UPDATE current_timestamp() COMMENT 'æ›´æ–°æ—¶é—´',
  `view_desc` varchar(256) DEFAULT NULL COMMENT 'è§†å›¾æè¿°',
  `status` tinyint(4) DEFAULT 0 COMMENT 'çŠ¶æ€ç  0-æ­£å¸¸ä½¿ç”¨ 1-åˆ é™¤æ ‡å¿—',
  `view_flag` int(8) DEFAULT 0 COMMENT 'å‘Šè­¦æ ‡è®°',
  `user_mod_id` int(11) unsigned DEFAULT 1,
  `user_add_id` int(11) unsigned DEFAULT 1,
  PRIMARY KEY (`id`)
) ENGINE=MyISAM AUTO_INCREMENT=1000032 DEFAULT CHARSET=utf8;
/*!40101 SET character_set_client = @saved_cs_client */;

--
-- Dumping data for table `mt_view`
--

LOCK TABLES `mt_view` WRITE;
/*!40000 ALTER TABLE `mt_view` DISABLE KEYS */;
INSERT INTO `mt_view` VALUES (22,'ç›‘æŽ§ç³»ç»Ÿ-å¸¸ç”¨','rockdeng','2014-02-09 05:55:00','rockdeng','2019-05-23 03:17:30','ç›‘æŽ§ç³»ç»Ÿå¸¸ç”¨ä¸ŠæŠ¥',0,1,1,1),(23,'æ—¥å¿—ç³»ç»Ÿ-æ•°æ®','rockdeng','2014-03-28 13:48:58','sadmin','2019-07-03 03:43:57','ä¸€äº›é‡è¦çš„æ—¥å¿—ç³»ç»Ÿæ•°æ®å±žæ€§ä¸ŠæŠ¥',0,1,1,1),(26,'cgi ç›‘æŽ§','rockdeng','2018-10-07 08:10:45','rockdeng','2019-05-23 03:17:00','cgiç›¸å…³ç›‘æŽ§ä¸ŠæŠ¥',0,1,1,1);
/*!40000 ALTER TABLE `mt_view` ENABLE KEYS */;
UNLOCK TABLES;
/*!50003 SET @saved_cs_client      = @@character_set_client */ ;
/*!50003 SET @saved_cs_results     = @@character_set_results */ ;
/*!50003 SET @saved_col_connection = @@collation_connection */ ;
/*!50003 SET character_set_client  = utf8 */ ;
/*!50003 SET character_set_results = utf8 */ ;
/*!50003 SET collation_connection  = utf8_general_ci */ ;
/*!50003 SET @saved_sql_mode       = @@sql_mode */ ;
/*!50003 SET sql_mode              = 'STRICT_TRANS_TABLES,NO_ENGINE_SUBSTITUTION' */ ;
DELIMITER ;;
/*!50003 CREATE*/ /*!50017 DEFINER=`root`@`localhost`*/ /*!50003 trigger mt_view_ins after insert on mt_view for each row begin insert into mt_table_upate_monitor(u_table_name, r_primary_id) values('mt_view', new.id); end */;;
DELIMITER ;
/*!50003 SET sql_mode              = @saved_sql_mode */ ;
/*!50003 SET character_set_client  = @saved_cs_client */ ;
/*!50003 SET character_set_results = @saved_cs_results */ ;
/*!50003 SET collation_connection  = @saved_col_connection */ ;
/*!50003 SET @saved_cs_client      = @@character_set_client */ ;
/*!50003 SET @saved_cs_results     = @@character_set_results */ ;
/*!50003 SET @saved_col_connection = @@collation_connection */ ;
/*!50003 SET character_set_client  = utf8 */ ;
/*!50003 SET character_set_results = utf8 */ ;
/*!50003 SET collation_connection  = utf8_general_ci */ ;
/*!50003 SET @saved_sql_mode       = @@sql_mode */ ;
/*!50003 SET sql_mode              = 'STRICT_TRANS_TABLES,NO_ENGINE_SUBSTITUTION' */ ;
DELIMITER ;;
/*!50003 CREATE*/ /*!50017 DEFINER=`root`@`localhost`*/ /*!50003 trigger mt_view_up after update on mt_view for each row begin insert into mt_table_upate_monitor(u_table_name, r_primary_id) values('mt_view', old.id); end */;;
DELIMITER ;
/*!50003 SET sql_mode              = @saved_sql_mode */ ;
/*!50003 SET character_set_client  = @saved_cs_client */ ;
/*!50003 SET character_set_results = @saved_cs_results */ ;
/*!50003 SET collation_connection  = @saved_col_connection */ ;

--
-- Table structure for table `mt_view_battr`
--

DROP TABLE IF EXISTS `mt_view_battr`;
/*!40101 SET @saved_cs_client     = @@character_set_client */;
/*!40101 SET character_set_client = utf8 */;
CREATE TABLE `mt_view_battr` (
  `view_id` int(11) NOT NULL DEFAULT 0 COMMENT 'è§†å›¾ç¼–å·',
  `attr_id` int(11) NOT NULL DEFAULT 0 COMMENT 'å±žæ€§ç¼–å·',
  `status` tinyint(4) DEFAULT 0 COMMENT 'çŠ¶æ€ç  0-æ­£å¸¸ä½¿ç”¨ 1-åˆ é™¤æ ‡å¿—',
  `update_time` timestamp NOT NULL DEFAULT current_timestamp() ON UPDATE current_timestamp(),
  PRIMARY KEY (`view_id`,`attr_id`)
) ENGINE=MyISAM DEFAULT CHARSET=utf8;
/*!40101 SET character_set_client = @saved_cs_client */;

--
-- Dumping data for table `mt_view_battr`
--

LOCK TABLES `mt_view_battr` WRITE;
/*!40000 ALTER TABLE `mt_view_battr` DISABLE KEYS */;
INSERT INTO `mt_view_battr` VALUES (21,62,0,'2019-11-17 11:34:44'),(21,74,0,'2019-11-17 11:34:44'),(21,63,0,'2019-11-17 11:34:44'),(21,56,0,'2019-11-17 11:34:44'),(21,55,0,'2019-11-17 11:34:44'),(21,57,0,'2019-11-17 11:34:44'),(21,64,0,'2019-11-17 11:34:44'),(21,71,0,'2019-11-17 11:34:44'),(21,73,0,'2019-11-17 11:34:44'),(21,58,0,'2019-11-17 11:34:44'),(21,65,0,'2019-11-17 11:34:44'),(23,70,0,'2019-11-17 11:34:44'),(26,113,0,'2019-11-17 11:34:44'),(23,65,0,'2019-11-17 11:34:44'),(23,93,0,'2019-11-17 11:34:44'),(21,67,0,'2019-11-17 11:34:44'),(21,75,0,'2019-11-17 11:34:44'),(21,59,0,'2019-11-17 11:34:44'),(21,60,0,'2019-11-17 11:34:44'),(21,70,0,'2019-11-17 11:34:44'),(23,73,0,'2019-11-17 11:34:44'),(23,75,0,'2019-11-17 11:34:44'),(21,61,0,'2019-11-17 11:34:44'),(21,66,0,'2019-11-17 11:34:44'),(21,68,0,'2019-11-17 11:34:44'),(21,69,0,'2019-11-17 11:34:44'),(21,72,0,'2019-11-17 11:34:44'),(21,76,0,'2019-11-17 11:34:44'),(23,67,0,'2019-11-17 11:34:44'),(21,77,0,'2019-11-17 11:34:44'),(21,78,0,'2019-11-17 11:34:44'),(21,79,0,'2019-11-17 11:34:44'),(21,80,0,'2019-11-17 11:34:44'),(21,81,0,'2019-11-17 11:34:44'),(21,82,0,'2019-11-17 11:34:44'),(21,83,0,'2019-11-17 11:34:44'),(26,143,0,'2019-11-17 11:34:44'),(26,112,0,'2019-11-17 11:34:44'),(26,111,0,'2019-11-17 11:34:44'),(26,110,0,'2019-11-17 11:34:44'),(26,146,0,'2019-11-17 11:34:44'),(26,147,0,'2019-11-17 11:34:44'),(26,145,0,'2019-11-17 11:34:44'),(26,108,0,'2019-11-17 11:34:44'),(26,144,0,'2019-11-17 11:34:44'),(26,142,0,'2019-11-17 11:34:44'),(23,62,0,'2019-11-17 11:34:44'),(23,94,0,'2019-11-17 11:34:44'),(22,67,0,'2019-11-17 11:34:44'),(22,73,0,'2019-11-17 11:34:44');
/*!40000 ALTER TABLE `mt_view_battr` ENABLE KEYS */;
UNLOCK TABLES;
/*!50003 SET @saved_cs_client      = @@character_set_client */ ;
/*!50003 SET @saved_cs_results     = @@character_set_results */ ;
/*!50003 SET @saved_col_connection = @@collation_connection */ ;
/*!50003 SET character_set_client  = latin1 */ ;
/*!50003 SET character_set_results = latin1 */ ;
/*!50003 SET collation_connection  = utf8_general_ci */ ;
/*!50003 SET @saved_sql_mode       = @@sql_mode */ ;
/*!50003 SET sql_mode              = 'STRICT_TRANS_TABLES,NO_ENGINE_SUBSTITUTION' */ ;
DELIMITER ;;
/*!50003 CREATE*/ /*!50017 DEFINER=`root`@`localhost`*/ /*!50003 trigger mt_view_battr_ins after insert on mt_view_battr for each row begin insert into mt_table_upate_monitor(u_table_name, r_primary_id, r_primary_id_2) values('mt_view_battr', new.view_id, new.attr_id); end */;;
DELIMITER ;
/*!50003 SET sql_mode              = @saved_sql_mode */ ;
/*!50003 SET character_set_client  = @saved_cs_client */ ;
/*!50003 SET character_set_results = @saved_cs_results */ ;
/*!50003 SET collation_connection  = @saved_col_connection */ ;
/*!50003 SET @saved_cs_client      = @@character_set_client */ ;
/*!50003 SET @saved_cs_results     = @@character_set_results */ ;
/*!50003 SET @saved_col_connection = @@collation_connection */ ;
/*!50003 SET character_set_client  = latin1 */ ;
/*!50003 SET character_set_results = latin1 */ ;
/*!50003 SET collation_connection  = utf8_general_ci */ ;
/*!50003 SET @saved_sql_mode       = @@sql_mode */ ;
/*!50003 SET sql_mode              = 'STRICT_TRANS_TABLES,NO_ENGINE_SUBSTITUTION' */ ;
DELIMITER ;;
/*!50003 CREATE*/ /*!50017 DEFINER=`root`@`localhost`*/ /*!50003 trigger mt_view_battr_up after update on mt_view_battr for each row begin insert into mt_table_upate_monitor(u_table_name, r_primary_id, r_primary_id_2) values('mt_view_battr', old.view_id, old.attr_id); end */;;
DELIMITER ;
/*!50003 SET sql_mode              = @saved_sql_mode */ ;
/*!50003 SET character_set_client  = @saved_cs_client */ ;
/*!50003 SET character_set_results = @saved_cs_results */ ;
/*!50003 SET collation_connection  = @saved_col_connection */ ;

--
-- Table structure for table `mt_view_bmach`
--

DROP TABLE IF EXISTS `mt_view_bmach`;
/*!40101 SET @saved_cs_client     = @@character_set_client */;
/*!40101 SET character_set_client = utf8 */;
CREATE TABLE `mt_view_bmach` (
  `view_id` int(11) NOT NULL DEFAULT 0 COMMENT 'è§†å›¾ç¼–å·',
  `machine_id` int(11) NOT NULL DEFAULT 0 COMMENT 'æœºå™¨ç¼–å·',
  `status` tinyint(4) DEFAULT 0 COMMENT 'çŠ¶æ€ç  0-æ­£å¸¸ä½¿ç”¨ 1-åˆ é™¤æ ‡å¿—',
  `user_master` int(11) unsigned DEFAULT 1,
  `update_time` timestamp NOT NULL DEFAULT current_timestamp() ON UPDATE current_timestamp(),
  PRIMARY KEY (`view_id`,`machine_id`)
) ENGINE=MyISAM DEFAULT CHARSET=utf8;
/*!40101 SET character_set_client = @saved_cs_client */;

--
-- Dumping data for table `mt_view_bmach`
--

LOCK TABLES `mt_view_bmach` WRITE;
/*!40000 ALTER TABLE `mt_view_bmach` DISABLE KEYS */;
INSERT INTO `mt_view_bmach` VALUES (21,6,0,1,'2019-11-17 11:35:13'),(22,47,0,1,'2019-11-17 11:35:13'),(21,18,0,1,'2019-11-17 11:35:13'),(21,20,0,1,'2019-11-17 11:35:13'),(26,52,0,1,'2019-11-17 11:35:13'),(23,46,0,1,'2019-11-17 11:35:13'),(23,47,0,1,'2019-11-17 11:35:13'),(23,51,0,1,'2019-11-17 11:35:13'),(23,52,0,1,'2019-11-17 11:35:13'),(22,51,0,1,'2019-11-17 11:35:13'),(22,52,0,1,'2019-11-17 11:35:13'),(26,51,0,1,'2019-11-17 11:35:13'),(26,46,0,1,'2019-11-17 11:35:13'),(23,58,0,1,'2019-11-17 11:35:13'),(23,59,0,1,'2019-11-17 11:35:13'),(22,58,0,1,'2019-11-17 11:35:13'),(22,59,0,1,'2019-11-17 11:35:13'),(22,60,0,1,'2019-11-17 11:35:13'),(23,60,0,1,'2019-11-17 11:35:13'),(23,61,0,1,'2019-11-17 11:35:13'),(22,61,0,1,'2019-11-17 11:35:13'),(22,46,0,1,'2019-11-17 11:35:13'),(22,84,0,1,'2019-11-17 11:35:13'),(23,114,0,1,'2019-11-17 11:35:13'),(22,114,0,1,'2019-11-17 11:35:13'),(26,114,0,1,'2019-11-17 11:35:13');
/*!40000 ALTER TABLE `mt_view_bmach` ENABLE KEYS */;
UNLOCK TABLES;
/*!50003 SET @saved_cs_client      = @@character_set_client */ ;
/*!50003 SET @saved_cs_results     = @@character_set_results */ ;
/*!50003 SET @saved_col_connection = @@collation_connection */ ;
/*!50003 SET character_set_client  = latin1 */ ;
/*!50003 SET character_set_results = latin1 */ ;
/*!50003 SET collation_connection  = utf8_general_ci */ ;
/*!50003 SET @saved_sql_mode       = @@sql_mode */ ;
/*!50003 SET sql_mode              = 'STRICT_TRANS_TABLES,NO_ENGINE_SUBSTITUTION' */ ;
DELIMITER ;;
/*!50003 CREATE*/ /*!50017 DEFINER=`root`@`localhost`*/ /*!50003 trigger mt_view_bmach_ins after insert on mt_view_bmach for each row begin insert into mt_table_upate_monitor(u_table_name, r_primary_id, r_primary_id_2) values('mt_view_bmach', new.view_id, new.machine_id); end */;;
DELIMITER ;
/*!50003 SET sql_mode              = @saved_sql_mode */ ;
/*!50003 SET character_set_client  = @saved_cs_client */ ;
/*!50003 SET character_set_results = @saved_cs_results */ ;
/*!50003 SET collation_connection  = @saved_col_connection */ ;
/*!50003 SET @saved_cs_client      = @@character_set_client */ ;
/*!50003 SET @saved_cs_results     = @@character_set_results */ ;
/*!50003 SET @saved_col_connection = @@collation_connection */ ;
/*!50003 SET character_set_client  = latin1 */ ;
/*!50003 SET character_set_results = latin1 */ ;
/*!50003 SET collation_connection  = utf8_general_ci */ ;
/*!50003 SET @saved_sql_mode       = @@sql_mode */ ;
/*!50003 SET sql_mode              = 'STRICT_TRANS_TABLES,NO_ENGINE_SUBSTITUTION' */ ;
DELIMITER ;;
/*!50003 CREATE*/ /*!50017 DEFINER=`root`@`localhost`*/ /*!50003 trigger mt_view_bmach_up after update on mt_view_bmach for each row begin insert into mt_table_upate_monitor(u_table_name, r_primary_id, r_primary_id_2) values('mt_view_bmach', old.view_id, old.machine_id); end */;;
DELIMITER ;
/*!50003 SET sql_mode              = @saved_sql_mode */ ;
/*!50003 SET character_set_client  = @saved_cs_client */ ;
/*!50003 SET character_set_results = @saved_cs_results */ ;
/*!50003 SET collation_connection  = @saved_col_connection */ ;

--
-- Table structure for table `mt_warn_config`
--

DROP TABLE IF EXISTS `mt_warn_config`;
/*!40101 SET @saved_cs_client     = @@character_set_client */;
/*!40101 SET character_set_client = utf8 */;
CREATE TABLE `mt_warn_config` (
  `warn_config_id` int(11) NOT NULL AUTO_INCREMENT COMMENT 'å‘Šè­¦é…ç½®ç¼–å·',
  `attr_id` int(11) DEFAULT NULL COMMENT 'å±žæ€§ç¼–å·',
  `warn_flag` int(11) DEFAULT 0 COMMENT 'å‘Šè­¦æ ‡è®°',
  `max_value` int(11) DEFAULT 0 COMMENT 'æœ€å¤§å€¼',
  `min_value` int(11) DEFAULT 0 COMMENT 'æœ€å°å€¼',
  `wave_value` int(11) DEFAULT 0 COMMENT 'æ³¢åŠ¨å€¼',
  `warn_type_value` int(11) DEFAULT 0 COMMENT 'å‘Šè­¦ç±»åž‹å€¼',
  `user_add` varchar(64) DEFAULT 'rock' COMMENT 'æ·»åŠ ç”¨æˆ·',
  `create_time` timestamp NOT NULL DEFAULT current_timestamp() COMMENT 'æ·»åŠ æ—¶é—´',
  `reserved1` int(11) DEFAULT 0 COMMENT 'æœºå™¨id æˆ–è€… è§†å›¾id',
  `reserved2` int(11) DEFAULT 0 COMMENT 'ä¿ç•™',
  `reserved3` varchar(32) DEFAULT NULL COMMENT 'ä¿ç•™',
  `reserved4` varchar(32) DEFAULT NULL COMMENT 'ä¿ç•™',
  `status` tinyint(4) DEFAULT 0 COMMENT 'çŠ¶æ€ç  0-æ­£å¸¸ä½¿ç”¨ 1-åˆ é™¤æ ‡å¿—',
  `user_add_id` int(11) unsigned DEFAULT 1,
  `user_mod_id` int(11) unsigned DEFAULT 1,
  `update_time` timestamp NOT NULL DEFAULT current_timestamp() ON UPDATE current_timestamp(),
  PRIMARY KEY (`warn_config_id`)
) ENGINE=MyISAM AUTO_INCREMENT=120 DEFAULT CHARSET=utf8;
/*!40101 SET character_set_client = @saved_cs_client */;

--
-- Dumping data for table `mt_warn_config`
--

LOCK TABLES `mt_warn_config` WRITE;
/*!40000 ALTER TABLE `mt_warn_config` DISABLE KEYS */;
/*!40000 ALTER TABLE `mt_warn_config` ENABLE KEYS */;
UNLOCK TABLES;
/*!50003 SET @saved_cs_client      = @@character_set_client */ ;
/*!50003 SET @saved_cs_results     = @@character_set_results */ ;
/*!50003 SET @saved_col_connection = @@collation_connection */ ;
/*!50003 SET character_set_client  = latin1 */ ;
/*!50003 SET character_set_results = latin1 */ ;
/*!50003 SET collation_connection  = utf8_general_ci */ ;
/*!50003 SET @saved_sql_mode       = @@sql_mode */ ;
/*!50003 SET sql_mode              = 'STRICT_TRANS_TABLES,NO_ENGINE_SUBSTITUTION' */ ;
DELIMITER ;;
/*!50003 CREATE*/ /*!50017 DEFINER=`root`@`localhost`*/ /*!50003 trigger mt_warn_config_ins after insert on mt_warn_config for each row begin insert into mt_table_upate_monitor(u_table_name, r_primary_id) values('mt_warn_config', new.warn_config_id); end */;;
DELIMITER ;
/*!50003 SET sql_mode              = @saved_sql_mode */ ;
/*!50003 SET character_set_client  = @saved_cs_client */ ;
/*!50003 SET character_set_results = @saved_cs_results */ ;
/*!50003 SET collation_connection  = @saved_col_connection */ ;
/*!50003 SET @saved_cs_client      = @@character_set_client */ ;
/*!50003 SET @saved_cs_results     = @@character_set_results */ ;
/*!50003 SET @saved_col_connection = @@collation_connection */ ;
/*!50003 SET character_set_client  = latin1 */ ;
/*!50003 SET character_set_results = latin1 */ ;
/*!50003 SET collation_connection  = utf8_general_ci */ ;
/*!50003 SET @saved_sql_mode       = @@sql_mode */ ;
/*!50003 SET sql_mode              = 'STRICT_TRANS_TABLES,NO_ENGINE_SUBSTITUTION' */ ;
DELIMITER ;;
/*!50003 CREATE*/ /*!50017 DEFINER=`root`@`localhost`*/ /*!50003 trigger mt_warn_config_up after update on mt_warn_config for each row begin insert into mt_table_upate_monitor(u_table_name, r_primary_id) values('mt_warn_config', old.warn_config_id); end */;;
DELIMITER ;
/*!50003 SET sql_mode              = @saved_sql_mode */ ;
/*!50003 SET character_set_client  = @saved_cs_client */ ;
/*!50003 SET character_set_results = @saved_cs_results */ ;
/*!50003 SET collation_connection  = @saved_col_connection */ ;

--
-- Table structure for table `mt_warn_info`
--

DROP TABLE IF EXISTS `mt_warn_info`;
/*!40101 SET @saved_cs_client     = @@character_set_client */;
/*!40101 SET character_set_client = utf8 */;
CREATE TABLE `mt_warn_info` (
  `wid` int(11) NOT NULL AUTO_INCREMENT,
  `warn_id` int(11) DEFAULT 0,
  `attr_id` int(11) DEFAULT 0,
  `warn_config_val` int(11) DEFAULT 0,
  `warn_val` int(11) DEFAULT 0,
  `warn_time_utc` int(11) unsigned DEFAULT NULL,
  `warn_flag` int(11) DEFAULT 0,
  `deal_status` int(11) DEFAULT 0,
  `last_warn_time_utc` int(11) unsigned DEFAULT NULL,
  `warn_times` int(11) DEFAULT 0,
  `send_warn_times` int(11) DEFAULT 0,
  `start_deal_time_utc` int(11) unsigned DEFAULT NULL,
  `end_deal_time_utc` int(11) unsigned DEFAULT NULL,
  `status` tinyint(4) DEFAULT 0,
  `update_time` timestamp NOT NULL DEFAULT current_timestamp() ON UPDATE current_timestamp(),
  PRIMARY KEY (`wid`)
) ENGINE=InnoDB AUTO_INCREMENT=6656 DEFAULT CHARSET=latin1;
/*!40101 SET character_set_client = @saved_cs_client */;

--
-- Dumping data for table `mt_warn_info`
--

LOCK TABLES `mt_warn_info` WRITE;
/*!40000 ALTER TABLE `mt_warn_info` DISABLE KEYS */;
/*!40000 ALTER TABLE `mt_warn_info` ENABLE KEYS */;
UNLOCK TABLES;
/*!50003 SET @saved_cs_client      = @@character_set_client */ ;
/*!50003 SET @saved_cs_results     = @@character_set_results */ ;
/*!50003 SET @saved_col_connection = @@collation_connection */ ;
/*!50003 SET character_set_client  = utf8 */ ;
/*!50003 SET character_set_results = utf8 */ ;
/*!50003 SET collation_connection  = utf8_general_ci */ ;
/*!50003 SET @saved_sql_mode       = @@sql_mode */ ;
/*!50003 SET sql_mode              = 'STRICT_TRANS_TABLES,NO_ENGINE_SUBSTITUTION' */ ;
DELIMITER ;;
/*!50003 CREATE*/ /*!50017 DEFINER=`root`@`localhost`*/ /*!50003 trigger mt_warn_info_ins after insert on mt_warn_info for each row begin insert into mt_table_upate_monitor(u_table_name, r_primary_id) values('mt_warn_info', new.wid); end */;;
DELIMITER ;
/*!50003 SET sql_mode              = @saved_sql_mode */ ;
/*!50003 SET character_set_client  = @saved_cs_client */ ;
/*!50003 SET character_set_results = @saved_cs_results */ ;
/*!50003 SET collation_connection  = @saved_col_connection */ ;
/*!50003 SET @saved_cs_client      = @@character_set_client */ ;
/*!50003 SET @saved_cs_results     = @@character_set_results */ ;
/*!50003 SET @saved_col_connection = @@collation_connection */ ;
/*!50003 SET character_set_client  = utf8 */ ;
/*!50003 SET character_set_results = utf8 */ ;
/*!50003 SET collation_connection  = utf8_general_ci */ ;
/*!50003 SET @saved_sql_mode       = @@sql_mode */ ;
/*!50003 SET sql_mode              = 'STRICT_TRANS_TABLES,NO_ENGINE_SUBSTITUTION' */ ;
DELIMITER ;;
/*!50003 CREATE*/ /*!50017 DEFINER=`root`@`localhost`*/ /*!50003 trigger mt_warn_info_up after update on mt_warn_info for each row begin insert into mt_table_upate_monitor(u_table_name, r_primary_id) values('mt_warn_info', old.wid); end */;;
DELIMITER ;
/*!50003 SET sql_mode              = @saved_sql_mode */ ;
/*!50003 SET character_set_client  = @saved_cs_client */ ;
/*!50003 SET character_set_results = @saved_cs_results */ ;
/*!50003 SET collation_connection  = @saved_col_connection */ ;

--
-- Table structure for table `test_key_list`
--

DROP TABLE IF EXISTS `test_key_list`;
/*!40101 SET @saved_cs_client     = @@character_set_client */;
/*!40101 SET character_set_client = utf8 */;
CREATE TABLE `test_key_list` (
  `config_id` int(10) unsigned NOT NULL DEFAULT 0,
  `test_key` varchar(128) NOT NULL,
  `test_key_type` int(10) unsigned DEFAULT 0,
  `status` tinyint(4) DEFAULT 0,
  `id` int(11) NOT NULL AUTO_INCREMENT,
  `update_time` timestamp NOT NULL DEFAULT current_timestamp() ON UPDATE current_timestamp(),
  PRIMARY KEY (`id`),
  KEY `config_id` (`config_id`)
) ENGINE=InnoDB AUTO_INCREMENT=40 DEFAULT CHARSET=utf8;
/*!40101 SET character_set_client = @saved_cs_client */;

--
-- Dumping data for table `test_key_list`
--

LOCK TABLES `test_key_list` WRITE;
/*!40000 ALTER TABLE `test_key_list` DISABLE KEYS */;
/*!40000 ALTER TABLE `test_key_list` ENABLE KEYS */;
UNLOCK TABLES;
/*!50003 SET @saved_cs_client      = @@character_set_client */ ;
/*!50003 SET @saved_cs_results     = @@character_set_results */ ;
/*!50003 SET @saved_col_connection = @@collation_connection */ ;
/*!50003 SET character_set_client  = utf8 */ ;
/*!50003 SET character_set_results = utf8 */ ;
/*!50003 SET collation_connection  = utf8_general_ci */ ;
/*!50003 SET @saved_sql_mode       = @@sql_mode */ ;
/*!50003 SET sql_mode              = 'STRICT_TRANS_TABLES,NO_ENGINE_SUBSTITUTION' */ ;
DELIMITER ;;
/*!50003 CREATE*/ /*!50017 DEFINER=`root`@`localhost`*/ /*!50003 trigger test_key_list_ins after insert on test_key_list for each row begin insert into mt_table_upate_monitor(u_table_name, r_primary_id) values('test_key_list', new.id); end */;;
DELIMITER ;
/*!50003 SET sql_mode              = @saved_sql_mode */ ;
/*!50003 SET character_set_client  = @saved_cs_client */ ;
/*!50003 SET character_set_results = @saved_cs_results */ ;
/*!50003 SET collation_connection  = @saved_col_connection */ ;
/*!50003 SET @saved_cs_client      = @@character_set_client */ ;
/*!50003 SET @saved_cs_results     = @@character_set_results */ ;
/*!50003 SET @saved_col_connection = @@collation_connection */ ;
/*!50003 SET character_set_client  = utf8 */ ;
/*!50003 SET character_set_results = utf8 */ ;
/*!50003 SET collation_connection  = utf8_general_ci */ ;
/*!50003 SET @saved_sql_mode       = @@sql_mode */ ;
/*!50003 SET sql_mode              = 'STRICT_TRANS_TABLES,NO_ENGINE_SUBSTITUTION' */ ;
DELIMITER ;;
/*!50003 CREATE*/ /*!50017 DEFINER=`root`@`localhost`*/ /*!50003 trigger test_key_list_up after update on test_key_list for each row begin insert into mt_table_upate_monitor(u_table_name, r_primary_id) values('test_key_list', old.id); end */;;
DELIMITER ;
/*!50003 SET sql_mode              = @saved_sql_mode */ ;
/*!50003 SET character_set_client  = @saved_cs_client */ ;
/*!50003 SET character_set_results = @saved_cs_results */ ;
/*!50003 SET collation_connection  = @saved_col_connection */ ;
/*!40103 SET TIME_ZONE=@OLD_TIME_ZONE */;

/*!40101 SET SQL_MODE=@OLD_SQL_MODE */;
/*!40014 SET FOREIGN_KEY_CHECKS=@OLD_FOREIGN_KEY_CHECKS */;
/*!40014 SET UNIQUE_CHECKS=@OLD_UNIQUE_CHECKS */;
/*!40101 SET CHARACTER_SET_CLIENT=@OLD_CHARACTER_SET_CLIENT */;
/*!40101 SET CHARACTER_SET_RESULTS=@OLD_CHARACTER_SET_RESULTS */;
/*!40101 SET COLLATION_CONNECTION=@OLD_COLLATION_CONNECTION */;
/*!40111 SET SQL_NOTES=@OLD_SQL_NOTES */;

-- Dump completed on 2019-11-17 19:45:42
